Tbox_Internal_Bat_Volt,SideStandInfo,Tbox_MEMS_Error_Flag,BatTemp,BrakeStatus,BatVolt,Inverter_Error,rpm,state,BatCycleCount,BatSOH,BatPercent,ThrottlePercent,BatCurrent,GearInformation,Battery_Error,ctime,sys_version,MotorRPM,MotorTemp,BMSID,InverterTemp,tboxId,tbox_id
0,0,0,287,0,666,No Error,0,remote_unlock_nocharge,11,96,100,0,0,2,No Error,1740457777,1,0,25,BT106003012MT00221017673,32,865209069519354,21868402-24e3-49fa-98f6-e2c6b83f5b38
0,0,0,287,0,666,No Error,0,remote_unlock_nocharge,11,96,100,0,0,2,No Error,1740457777,1,0,25,BT106003012MT00221017673,32,865209069519354,21868402-24e3-49fa-98f6-e2c6b83f5b38
0,0,0,288,0,666,No Error,0,remote_unlock_nocharge,11,96,100,0,0,2,No Error,1740457939,1,0,25,BT106003012MT00221017673,32,865209069519354,21868402-24e3-49fa-98f6-e2c6b83f5b38
0,0,0,288,0,666,No Error,0,remote_unlock_nocharge,11,96,100,0,0,2,No Error,1740457939,1,0,25,BT106003012MT00221017673,32,865209069519354,21868402-24e3-49fa-98f6-e2c6b83f5b38
0,0,0,288,0,666,No Error,0,remote_unlock_nocharge,11,96,100,0,0,2,No Error,1740457939,1,0,25,BT106003012MT00221017673,32,865209069519354,21868402-24e3-49fa-98f6-e2c6b83f5b38
0,0,0,288,0,666,No Error,0,remote_unlock_nocharge,11,96,100,0,0,2,No Error,1740457939,1,0,25,BT106003012MT00221017673,32,865209069519354,21868402-24e3-49fa-98f6-e2c6b83f5b38
0,0,0,288,0,666,No Error,0,remote_unlock_nocharge,11,96,100,0,0,2,No Error,1740457969,1,0,25,BT106003012MT00221017673,32,865209069519354,21868402-24e3-49fa-98f6-e2c6b83f5b38
0,0,0,288,0,666,No Error,0,remote_unlock_nocharge,11,96,100,0,0,2,No Error,1740457969,1,0,25,BT106003012MT00221017673,32,865209069519354,21868402-24e3-49fa-98f6-e2c6b83f5b38
0,0,0,308,0,666,No Error,0,remote_unlock_nocharge,11,96,100,0,0,2,No Error,1740461712,1,0,25,BT106003012MT00221017673,35,865209069519354,21868402-24e3-49fa-98f6-e2c6b83f5b38
0,0,0,308,0,666,No Error,0,remote_unlock_nocharge,11,96,100,0,0,2,No Error,1740461712,1,0,25,BT106003012MT00221017673,35,865209069519354,21868402-24e3-49fa-98f6-e2c6b83f5b38
0,0,0,308,0,666,No Error,0,remote_unlock_nocharge,11,96,100,0,0,2,No Error,1740461712,1,0,25,BT106003012MT00221017673,35,865209069519354,21868402-24e3-49fa-98f6-e2c6b83f5b38
0,0,0,308,0,666,No Error,0,remote_unlock_nocharge,11,96,100,0,0,2,No Error,1740461712,1,0,25,BT106003012MT00221017673,35,865209069519354,21868402-24e3-49fa-98f6-e2c6b83f5b38
0,0,0,308,0,665,No Error,18,remote_unlock_nocharge,11,96,100,0,0,2,No Error,1740461742,1,18,25,BT106003012MT00221017673,35,865209069519354,21868402-24e3-49fa-98f6-e2c6b83f5b38
0,0,0,308,0,665,No Error,18,remote_unlock_nocharge,11,96,100,0,0,2,No Error,1740461742,1,18,25,BT106003012MT00221017673,35,865209069519354,21868402-24e3-49fa-98f6-e2c6b83f5b38
0,0,0,308,0,664,No Error,0,remote_unlock_nocharge,11,96,100,0,0,0,No Error,1740461771,1,0,25,BT106003012MT00221017673,38,865209069519354,21868402-24e3-49fa-98f6-e2c6b83f5b38
0,0,0,308,0,664,No Error,0,remote_unlock_nocharge,11,96,100,0,0,0,No Error,1740461771,1,0,25,BT106003012MT00221017673,38,865209069519354,21868402-24e3-49fa-98f6-e2c6b83f5b38
0,0,0,309,0,661,No Error,48,remote_unlock_nocharge,11,96,100,0,49,2,No Error,1740461802,1,48,25,BT106003012MT00221017673,41,865209069519354,21868402-24e3-49fa-98f6-e2c6b83f5b38
0,0,0,309,0,661,No Error,48,remote_unlock_nocharge,11,96,100,0,49,2,No Error,1740461802,1,48,25,BT106003012MT00221017673,41,865209069519354,21868402-24e3-49fa-98f6-e2c6b83f5b38
0,0,0,311,0,664,No Error,0,remote_unlock_nocharge,11,96,100,0,0,0,No Error,1740462143,1,0,25,BT106003012MT00221017673,40,865209069519354,21868402-24e3-49fa-98f6-e2c6b83f5b38
0,0,0,311,0,664,No Error,0,remote_unlock_nocharge,11,96,100,0,0,0,No Error,1740462143,1,0,25,BT106003012MT00221017673,40,865209069519354,21868402-24e3-49fa-98f6-e2c6b83f5b38
0,0,0,311,0,664,No Error,0,remote_unlock_nocharge,11,96,100,0,0,0,No Error,1740462143,1,0,25,BT106003012MT00221017673,40,865209069519354,21868402-24e3-49fa-98f6-e2c6b83f5b38
0,0,0,311,0,664,No Error,0,remote_unlock_nocharge,11,96,100,0,0,0,No Error,1740462143,1,0,25,BT106003012MT00221017673,40,865209069519354,21868402-24e3-49fa-98f6-e2c6b83f5b38
0,0,0,311,0,662,No Error,54,remote_unlock_nocharge,11,96,100,90,142,2,No Error,1740462174,1,54,25,BT106003012MT00221017673,40,865209069519354,21868402-24e3-49fa-98f6-e2c6b83f5b38
0,0,0,311,0,662,No Error,54,remote_unlock_nocharge,11,96,100,90,142,2,No Error,1740462174,1,54,25,BT106003012MT00221017673,40,865209069519354,21868402-24e3-49fa-98f6-e2c6b83f5b38
0,0,0,311,0,661,No Error,0,remote_unlock_nocharge,11,96,100,0,3,2,No Error,1740462204,1,0,25,BT106003012MT00221017673,46,865209069519354,21868402-24e3-49fa-98f6-e2c6b83f5b38
0,0,0,311,0,661,No Error,0,remote_unlock_nocharge,11,96,100,0,3,2,No Error,1740462204,1,0,25,BT106003012MT00221017673,46,865209069519354,21868402-24e3-49fa-98f6-e2c6b83f5b38
0,0,0,311,0,661,No Error,0,remote_unlock_nocharge,11,96,100,0,3,2,No Error,1740462204,1,0,25,BT106003012MT00221017673,46,865209069519354,21868402-24e3-49fa-98f6-e2c6b83f5b38
0,0,0,311,0,661,No Error,0,remote_unlock_nocharge,11,96,100,0,3,2,No Error,1740462204,1,0,25,BT106003012MT00221017673,46,865209069519354,21868402-24e3-49fa-98f6-e2c6b83f5b38
0,0,0,312,0,662,No Error,0,remote_unlock_nocharge,11,96,100,0,0,0,No Error,1740462233,1,0,25,BT106003012MT00221017673,45,865209069519354,21868402-24e3-49fa-98f6-e2c6b83f5b38
0,0,0,312,0,662,No Error,0,remote_unlock_nocharge,11,96,100,0,0,0,No Error,1740462233,1,0,25,BT106003012MT00221017673,45,865209069519354,21868402-24e3-49fa-98f6-e2c6b83f5b38
0,0,0,312,0,658,No Error,0,remote_unlock_nocharge,11,96,100,9,0,2,No Error,1740462264,1,0,25,BT106003012MT00221017673,44,865209069519354,21868402-24e3-49fa-98f6-e2c6b83f5b38
0,0,0,312,0,658,No Error,0,remote_unlock_nocharge,11,96,100,9,0,2,No Error,1740462264,1,0,25,BT106003012MT00221017673,44,865209069519354,21868402-24e3-49fa-98f6-e2c6b83f5b38
0,0,0,312,0,661,No Error,54,remote_unlock_nocharge,11,96,100,0,0,2,No Error,1740462294,1,54,25,BT106003012MT00221017673,48,865209069519354,21868402-24e3-49fa-98f6-e2c6b83f5b38
0,0,0,312,0,661,No Error,54,remote_unlock_nocharge,11,96,100,0,0,2,No Error,1740462294,1,54,25,BT106003012MT00221017673,48,865209069519354,21868402-24e3-49fa-98f6-e2c6b83f5b38
0,0,0,312,0,661,No Error,54,remote_unlock_nocharge,11,96,100,0,0,2,No Error,1740462294,1,54,25,BT106003012MT00221017673,48,865209069519354,21868402-24e3-49fa-98f6-e2c6b83f5b38
0,0,0,312,0,661,No Error,54,remote_unlock_nocharge,11,96,100,0,0,2,No Error,1740462294,1,54,25,BT106003012MT00221017673,48,865209069519354,21868402-24e3-49fa-98f6-e2c6b83f5b38
0,0,0,313,0,662,No Error,0,remote_unlock_nocharge,11,96,100,0,0,0,No Error,1740462324,1,0,25,BT106003012MT00221017673,50,865209069519354,21868402-24e3-49fa-98f6-e2c6b83f5b38
0,0,0,313,0,662,No Error,0,remote_unlock_nocharge,11,96,100,0,0,0,No Error,1740462324,1,0,25,BT106003012MT00221017673,50,865209069519354,21868402-24e3-49fa-98f6-e2c6b83f5b38
0,0,0,313,0,654,No Error,0,remote_unlock_nocharge,11,96,100,0,0,0,No Error,1740462355,1,0,25,BT106003012MT00221017673,48,865209069519354,21868402-24e3-49fa-98f6-e2c6b83f5b38
0,0,0,313,0,654,No Error,0,remote_unlock_nocharge,11,96,100,0,0,0,No Error,1740462355,1,0,25,BT106003012MT00221017673,48,865209069519354,21868402-24e3-49fa-98f6-e2c6b83f5b38
0,0,0,313,0,654,No Error,0,remote_unlock_nocharge,11,96,100,0,0,0,No Error,1740462355,1,0,25,BT106003012MT00221017673,48,865209069519354,21868402-24e3-49fa-98f6-e2c6b83f5b38
0,0,0,313,0,654,No Error,0,remote_unlock_nocharge,11,96,100,0,0,0,No Error,1740462355,1,0,25,BT106003012MT00221017673,48,865209069519354,21868402-24e3-49fa-98f6-e2c6b83f5b38
0,0,0,313,0,661,No Error,96,remote_unlock_nocharge,11,96,100,0,47,0,No Error,1740462384,1,96,25,BT106003012MT00221017673,53,865209069519354,21868402-24e3-49fa-98f6-e2c6b83f5b38
0,0,0,313,0,661,No Error,96,remote_unlock_nocharge,11,96,100,0,47,0,No Error,1740462384,1,96,25,BT106003012MT00221017673,53,865209069519354,21868402-24e3-49fa-98f6-e2c6b83f5b38
0,0,0,313,0,661,No Error,96,remote_unlock_nocharge,11,96,100,0,47,0,No Error,1740462384,1,96,25,BT106003012MT00221017673,53,865209069519354,21868402-24e3-49fa-98f6-e2c6b83f5b38
0,0,0,313,0,661,No Error,96,remote_unlock_nocharge,11,96,100,0,47,0,No Error,1740462384,1,96,25,BT106003012MT00221017673,53,865209069519354,21868402-24e3-49fa-98f6-e2c6b83f5b38
0,0,0,313,0,662,No Error,0,remote_unlock_nocharge,11,96,100,0,0,2,No Error,1740462415,1,0,25,BT106003012MT00221017673,53,865209069519354,21868402-24e3-49fa-98f6-e2c6b83f5b38
0,0,0,313,0,662,No Error,0,remote_unlock_nocharge,11,96,100,0,0,2,No Error,1740462415,1,0,25,BT106003012MT00221017673,53,865209069519354,21868402-24e3-49fa-98f6-e2c6b83f5b38
0,0,0,313,0,662,No Error,0,remote_unlock_nocharge,11,96,100,0,0,2,No Error,1740462415,1,0,25,BT106003012MT00221017673,53,865209069519354,21868402-24e3-49fa-98f6-e2c6b83f5b38
0,0,0,313,0,662,No Error,0,remote_unlock_nocharge,11,96,100,0,0,2,No Error,1740462415,1,0,25,BT106003012MT00221017673,53,865209069519354,21868402-24e3-49fa-98f6-e2c6b83f5b38
0,0,0,313,0,663,No Error,0,remote_unlock_nocharge,11,96,100,0,0,2,No Error,1740462444,1,0,25,BT106003012MT00221017673,51,865209069519354,21868402-24e3-49fa-98f6-e2c6b83f5b38
0,0,0,313,0,663,No Error,0,remote_unlock_nocharge,11,96,100,0,0,2,No Error,1740462444,1,0,25,BT106003012MT00221017673,51,865209069519354,21868402-24e3-49fa-98f6-e2c6b83f5b38
0,0,0,313,0,663,No Error,0,remote_unlock_nocharge,11,96,100,0,0,2,No Error,1740462444,1,0,25,BT106003012MT00221017673,51,865209069519354,21868402-24e3-49fa-98f6-e2c6b83f5b38
0,0,0,313,0,663,No Error,0,remote_unlock_nocharge,11,96,100,0,0,2,No Error,1740462444,1,0,25,BT106003012MT00221017673,51,865209069519354,21868402-24e3-49fa-98f6-e2c6b83f5b38
0,0,0,313,0,663,No Error,0,remote_unlock_nocharge,11,96,100,0,0,2,No Error,1740462474,1,0,25,BT106003012MT00221017673,50,865209069519354,21868402-24e3-49fa-98f6-e2c6b83f5b38
0,0,0,313,0,663,No Error,0,remote_unlock_nocharge,11,96,100,0,0,2,No Error,1740462474,1,0,25,BT106003012MT00221017673,50,865209069519354,21868402-24e3-49fa-98f6-e2c6b83f5b38
0,0,0,313,0,663,No Error,0,remote_unlock_nocharge,11,96,100,0,0,2,No Error,1740462504,1,0,25,BT106003012MT00221017673,49,865209069519354,21868402-24e3-49fa-98f6-e2c6b83f5b38
0,0,0,313,0,663,No Error,0,remote_unlock_nocharge,11,96,100,0,0,2,No Error,1740462504,1,0,25,BT106003012MT00221017673,49,865209069519354,21868402-24e3-49fa-98f6-e2c6b83f5b38
0,0,0,314,0,664,No Error,0,remote_unlock_nocharge,11,96,100,0,0,2,No Error,1740462534,1,0,25,BT106003012MT00221017673,48,865209069519354,21868402-24e3-49fa-98f6-e2c6b83f5b38
0,0,0,314,0,664,No Error,0,remote_unlock_nocharge,11,96,100,0,0,2,No Error,1740462534,1,0,25,BT106003012MT00221017673,48,865209069519354,21868402-24e3-49fa-98f6-e2c6b83f5b38
0,0,0,314,0,664,No Error,0,remote_unlock_nocharge,11,96,100,0,0,2,No Error,1740462534,1,0,25,BT106003012MT00221017673,48,865209069519354,21868402-24e3-49fa-98f6-e2c6b83f5b38
0,0,0,314,0,664,No Error,0,remote_unlock_nocharge,11,96,100,0,0,2,No Error,1740462534,1,0,25,BT106003012MT00221017673,48,865209069519354,21868402-24e3-49fa-98f6-e2c6b83f5b38
0,0,0,314,0,664,No Error,0,remote_unlock_nocharge,11,96,100,0,0,2,No Error,1740462564,1,0,25,BT106003012MT00221017673,48,865209069519354,21868402-24e3-49fa-98f6-e2c6b83f5b38
0,0,0,314,0,664,No Error,0,remote_unlock_nocharge,11,96,100,0,0,2,No Error,1740462564,1,0,25,BT106003012MT00221017673,48,865209069519354,21868402-24e3-49fa-98f6-e2c6b83f5b38
0,0,0,314,0,664,No Error,0,remote_unlock_nocharge,11,96,100,0,0,2,No Error,1740462594,1,0,25,BT106003012MT00221017673,47,865209069519354,21868402-24e3-49fa-98f6-e2c6b83f5b38
0,0,0,314,0,664,No Error,0,remote_unlock_nocharge,11,96,100,0,0,2,No Error,1740462594,1,0,25,BT106003012MT00221017673,47,865209069519354,21868402-24e3-49fa-98f6-e2c6b83f5b38
0,0,0,314,0,664,No Error,0,remote_unlock_nocharge,11,96,100,0,0,2,No Error,1740462624,1,0,25,BT106003012MT00221017673,47,865209069519354,21868402-24e3-49fa-98f6-e2c6b83f5b38
0,0,0,314,0,664,No Error,0,remote_unlock_nocharge,11,96,100,0,0,2,No Error,1740462624,1,0,25,BT106003012MT00221017673,47,865209069519354,21868402-24e3-49fa-98f6-e2c6b83f5b38
0,0,0,314,0,664,No Error,0,remote_unlock_nocharge,11,96,100,0,0,2,No Error,1740462655,1,0,25,BT106003012MT00221017673,47,865209069519354,21868402-24e3-49fa-98f6-e2c6b83f5b38
0,0,0,314,0,664,No Error,0,remote_unlock_nocharge,11,96,100,0,0,2,No Error,1740462655,1,0,25,BT106003012MT00221017673,47,865209069519354,21868402-24e3-49fa-98f6-e2c6b83f5b38
0,0,0,314,0,664,No Error,0,remote_unlock_nocharge,11,96,100,0,0,2,No Error,1740462655,1,0,25,BT106003012MT00221017673,47,865209069519354,21868402-24e3-49fa-98f6-e2c6b83f5b38
0,0,0,314,0,664,No Error,0,remote_unlock_nocharge,11,96,100,0,0,2,No Error,1740462655,1,0,25,BT106003012MT00221017673,47,865209069519354,21868402-24e3-49fa-98f6-e2c6b83f5b38
0,0,0,314,0,664,No Error,0,remote_unlock_nocharge,11,96,100,0,0,2,No Error,1740462685,1,0,25,BT106003012MT00221017673,46,865209069519354,21868402-24e3-49fa-98f6-e2c6b83f5b38
0,0,0,314,0,664,No Error,0,remote_unlock_nocharge,11,96,100,0,0,2,No Error,1740462685,1,0,25,BT106003012MT00221017673,46,865209069519354,21868402-24e3-49fa-98f6-e2c6b83f5b38
0,0,0,314,0,664,No Error,0,remote_unlock_nocharge,11,96,100,0,0,2,No Error,1740462715,1,0,25,BT106003012MT00221017673,46,865209069519354,21868402-24e3-49fa-98f6-e2c6b83f5b38
0,0,0,314,0,664,No Error,0,remote_unlock_nocharge,11,96,100,0,0,2,No Error,1740462715,1,0,25,BT106003012MT00221017673,46,865209069519354,21868402-24e3-49fa-98f6-e2c6b83f5b38
0,0,0,314,0,664,No Error,0,remote_unlock_nocharge,11,96,100,0,0,2,No Error,1740462745,1,0,25,BT106003012MT00221017673,46,865209069519354,21868402-24e3-49fa-98f6-e2c6b83f5b38
0,0,0,314,0,664,No Error,0,remote_unlock_nocharge,11,96,100,0,0,2,No Error,1740462745,1,0,25,BT106003012MT00221017673,46,865209069519354,21868402-24e3-49fa-98f6-e2c6b83f5b38
0,0,0,314,0,664,No Error,0,remote_unlock_nocharge,11,96,100,0,0,2,No Error,1740462775,1,0,25,BT106003012MT00221017673,46,865209069519354,21868402-24e3-49fa-98f6-e2c6b83f5b38
0,0,0,314,0,664,No Error,0,remote_unlock_nocharge,11,96,100,0,0,2,No Error,1740462775,1,0,25,BT106003012MT00221017673,46,865209069519354,21868402-24e3-49fa-98f6-e2c6b83f5b38
0,0,0,314,0,664,No Error,0,remote_unlock_nocharge,11,96,100,0,0,2,No Error,1740462775,1,0,25,BT106003012MT00221017673,46,865209069519354,21868402-24e3-49fa-98f6-e2c6b83f5b38
0,0,0,314,0,664,No Error,0,remote_unlock_nocharge,11,96,100,0,0,2,No Error,1740462775,1,0,25,BT106003012MT00221017673,46,865209069519354,21868402-24e3-49fa-98f6-e2c6b83f5b38
0,0,0,314,0,664,No Error,0,remote_unlock_nocharge,11,96,100,0,0,2,No Error,1740462806,1,0,25,BT106003012MT00221017673,45,865209069519354,21868402-24e3-49fa-98f6-e2c6b83f5b38
0,0,0,314,0,664,No Error,0,remote_unlock_nocharge,11,96,100,0,0,2,No Error,1740462806,1,0,25,BT106003012MT00221017673,45,865209069519354,21868402-24e3-49fa-98f6-e2c6b83f5b38
0,0,0,314,0,664,No Error,0,remote_unlock_nocharge,11,96,100,0,0,2,No Error,1740462806,1,0,25,BT106003012MT00221017673,45,865209069519354,21868402-24e3-49fa-98f6-e2c6b83f5b38
0,0,0,314,0,664,No Error,0,remote_unlock_nocharge,11,96,100,0,0,2,No Error,1740462806,1,0,25,BT106003012MT00221017673,45,865209069519354,21868402-24e3-49fa-98f6-e2c6b83f5b38
0,0,0,314,0,664,No Error,0,remote_unlock_nocharge,11,96,100,0,0,2,No Error,1740462836,1,0,25,BT106003012MT00221017673,45,865209069519354,21868402-24e3-49fa-98f6-e2c6b83f5b38
0,0,0,314,0,664,No Error,0,remote_unlock_nocharge,11,96,100,0,0,2,No Error,1740462836,1,0,25,BT106003012MT00221017673,45,865209069519354,21868402-24e3-49fa-98f6-e2c6b83f5b38
0,0,0,314,0,664,No Error,0,remote_unlock_nocharge,11,96,100,0,0,2,No Error,1740462836,1,0,25,BT106003012MT00221017673,45,865209069519354,21868402-24e3-49fa-98f6-e2c6b83f5b38
0,0,0,314,0,664,No Error,0,remote_unlock_nocharge,11,96,100,0,0,2,No Error,1740462836,1,0,25,BT106003012MT00221017673,45,865209069519354,21868402-24e3-49fa-98f6-e2c6b83f5b38
0,0,0,314,0,664,No Error,0,remote_unlock_nocharge,11,96,100,0,0,2,No Error,1740462866,1,0,25,BT106003012MT00221017673,45,865209069519354,21868402-24e3-49fa-98f6-e2c6b83f5b38
0,0,0,314,0,664,No Error,0,remote_unlock_nocharge,11,96,100,0,0,2,No Error,1740462866,1,0,25,BT106003012MT00221017673,45,865209069519354,21868402-24e3-49fa-98f6-e2c6b83f5b38
0,0,0,314,0,664,No Error,0,remote_unlock_nocharge,11,96,100,0,0,2,No Error,1740462895,1,0,25,BT106003012MT00221017673,45,865209069519354,21868402-24e3-49fa-98f6-e2c6b83f5b38
0,0,0,314,0,664,No Error,0,remote_unlock_nocharge,11,96,100,0,0,2,No Error,1740462895,1,0,25,BT106003012MT00221017673,45,865209069519354,21868402-24e3-49fa-98f6-e2c6b83f5b38
0,0,0,314,0,664,No Error,0,remote_unlock_nocharge,11,96,100,0,0,2,No Error,1740462895,1,0,25,BT106003012MT00221017673,45,865209069519354,21868402-24e3-49fa-98f6-e2c6b83f5b38
0,0,0,314,0,664,No Error,0,remote_unlock_nocharge,11,96,100,0,0,2,No Error,1740462895,1,0,25,BT106003012MT00221017673,45,865209069519354,21868402-24e3-49fa-98f6-e2c6b83f5b38
0,0,0,314,0,664,No Error,0,remote_unlock_nocharge,11,96,100,0,0,2,No Error,1740462926,1,0,25,BT106003012MT00221017673,45,865209069519354,21868402-24e3-49fa-98f6-e2c6b83f5b38
0,0,0,314,0,664,No Error,0,remote_unlock_nocharge,11,96,100,0,0,2,No Error,1740462926,1,0,25,BT106003012MT00221017673,45,865209069519354,21868402-24e3-49fa-98f6-e2c6b83f5b38
0,0,0,314,0,664,No Error,0,remote_unlock_nocharge,11,96,100,0,0,2,No Error,1740462926,1,0,25,BT106003012MT00221017673,45,865209069519354,21868402-24e3-49fa-98f6-e2c6b83f5b38
0,0,0,314,0,664,No Error,0,remote_unlock_nocharge,11,96,100,0,0,2,No Error,1740462926,1,0,25,BT106003012MT00221017673,45,865209069519354,21868402-24e3-49fa-98f6-e2c6b83f5b38
0,0,0,314,0,664,No Error,0,remote_unlock_nocharge,11,96,100,0,0,2,No Error,1740462955,1,0,25,BT106003012MT00221017673,45,865209069519354,21868402-24e3-49fa-98f6-e2c6b83f5b38
0,0,0,314,0,664,No Error,0,remote_unlock_nocharge,11,96,100,0,0,2,No Error,1740462955,1,0,25,BT106003012MT00221017673,45,865209069519354,21868402-24e3-49fa-98f6-e2c6b83f5b38
0,0,0,331,0,662,No Error,0,remote_unlock_nocharge,10,83,89,0,0,0,No Error,1740475373,1,0,25,BT106003012MT00221017760,42,865209069519354,21868402-24e3-49fa-98f6-e2c6b83f5b38
0,0,0,331,0,662,No Error,0,remote_unlock_nocharge,10,83,89,0,0,0,No Error,1740475373,1,0,25,BT106003012MT00221017760,42,865209069519354,21868402-24e3-49fa-98f6-e2c6b83f5b38
0,0,0,331,0,662,No Error,0,remote_unlock_nocharge,10,83,89,0,0,0,No Error,1740475373,1,0,25,BT106003012MT00221017760,42,865209069519354,21868402-24e3-49fa-98f6-e2c6b83f5b38
0,0,0,331,0,662,No Error,0,remote_unlock_nocharge,10,83,89,0,0,0,No Error,1740475373,1,0,25,BT106003012MT00221017760,42,865209069519354,21868402-24e3-49fa-98f6-e2c6b83f5b38
0,0,0,331,0,656,No Error,108,remote_unlock_nocharge,10,83,89,8,29,0,No Error,1740475403,1,108,25,BT106003012MT00221017760,43,865209069519354,21868402-24e3-49fa-98f6-e2c6b83f5b38
0,0,0,331,0,656,No Error,108,remote_unlock_nocharge,10,83,89,8,29,0,No Error,1740475403,1,108,25,BT106003012MT00221017760,43,865209069519354,21868402-24e3-49fa-98f6-e2c6b83f5b38
0,0,0,331,0,662,No Error,0,remote_unlock_nocharge,10,83,89,0,0,2,No Error,1740475433,1,0,25,BT106003012MT00221017760,43,865209069519354,21868402-24e3-49fa-98f6-e2c6b83f5b38
0,0,0,331,0,662,No Error,0,remote_unlock_nocharge,10,83,89,0,0,2,No Error,1740475433,1,0,25,BT106003012MT00221017760,43,865209069519354,21868402-24e3-49fa-98f6-e2c6b83f5b38
2,0,0,331,0,663,No Error,0,remote_unlock_nocharge,10,83,89,0,0,0,No Error,1740475464,1,0,25,BT106003012MT00221017760,42,865209069519354,21868402-24e3-49fa-98f6-e2c6b83f5b38
2,0,0,331,0,663,No Error,0,remote_unlock_nocharge,10,83,89,0,0,0,No Error,1740475464,1,0,25,BT106003012MT00221017760,42,865209069519354,21868402-24e3-49fa-98f6-e2c6b83f5b38
2,0,0,331,0,663,No Error,0,remote_unlock_nocharge,10,83,89,0,0,0,No Error,1740475464,1,0,25,BT106003012MT00221017760,42,865209069519354,21868402-24e3-49fa-98f6-e2c6b83f5b38
2,0,0,331,0,663,No Error,0,remote_unlock_nocharge,10,83,89,0,0,0,No Error,1740475464,1,0,25,BT106003012MT00221017760,42,865209069519354,21868402-24e3-49fa-98f6-e2c6b83f5b38
0,0,0,331,0,663,No Error,0,remote_unlock_nocharge,10,83,89,0,0,2,No Error,1740475494,1,0,25,BT106003012MT00221017760,42,865209069519354,21868402-24e3-49fa-98f6-e2c6b83f5b38
0,0,0,331,0,663,No Error,0,remote_unlock_nocharge,10,83,89,0,0,2,No Error,1740475494,1,0,25,BT106003012MT00221017760,42,865209069519354,21868402-24e3-49fa-98f6-e2c6b83f5b38
0,0,0,331,0,663,No Error,0,remote_unlock_nocharge,10,83,89,0,0,2,No Error,1740475494,1,0,25,BT106003012MT00221017760,42,865209069519354,21868402-24e3-49fa-98f6-e2c6b83f5b38
0,0,0,331,0,663,No Error,0,remote_unlock_nocharge,10,83,89,0,0,2,No Error,1740475494,1,0,25,BT106003012MT00221017760,42,865209069519354,21868402-24e3-49fa-98f6-e2c6b83f5b38
0,0,0,331,0,660,No Error,48,remote_unlock_nocharge,10,83,89,27,55,2,No Error,1740475523,1,48,25,BT106003012MT00221017760,44,865209069519354,21868402-24e3-49fa-98f6-e2c6b83f5b38
0,0,0,331,0,660,No Error,48,remote_unlock_nocharge,10,83,89,27,55,2,No Error,1740475523,1,48,25,BT106003012MT00221017760,44,865209069519354,21868402-24e3-49fa-98f6-e2c6b83f5b38
0,0,0,331,0,660,No Error,48,remote_unlock_nocharge,10,83,89,27,55,2,No Error,1740475523,1,48,25,BT106003012MT00221017760,44,865209069519354,21868402-24e3-49fa-98f6-e2c6b83f5b38
0,0,0,331,0,660,No Error,48,remote_unlock_nocharge,10,83,89,27,55,2,No Error,1740475523,1,48,25,BT106003012MT00221017760,44,865209069519354,21868402-24e3-49fa-98f6-e2c6b83f5b38
0,0,0,331,0,661,No Error,0,remote_unlock_nocharge,10,83,89,0,0,2,No Error,1740475554,1,0,25,BT106003012MT00221017760,46,865209069519354,21868402-24e3-49fa-98f6-e2c6b83f5b38
0,0,0,331,0,661,No Error,0,remote_unlock_nocharge,10,83,89,0,0,2,No Error,1740475554,1,0,25,BT106003012MT00221017760,46,865209069519354,21868402-24e3-49fa-98f6-e2c6b83f5b38
0,0,0,332,0,660,No Error,42,remote_unlock_nocharge,10,83,89,0,121,0,No Error,1740475583,1,42,25,BT106003012MT00221017760,45,865209069519354,21868402-24e3-49fa-98f6-e2c6b83f5b38
0,0,0,332,0,660,No Error,42,remote_unlock_nocharge,10,83,89,0,121,0,No Error,1740475583,1,42,25,BT106003012MT00221017760,45,865209069519354,21868402-24e3-49fa-98f6-e2c6b83f5b38
2,0,0,332,0,663,No Error,0,remote_unlock_nocharge,10,83,89,0,0,0,No Error,1740475613,1,0,25,BT106003012MT00221017760,45,865209069519354,21868402-24e3-49fa-98f6-e2c6b83f5b38
2,0,0,332,0,663,No Error,0,remote_unlock_nocharge,10,83,89,0,0,0,No Error,1740475613,1,0,25,BT106003012MT00221017760,45,865209069519354,21868402-24e3-49fa-98f6-e2c6b83f5b38
0,0,0,332,0,663,No Error,0,remote_unlock_nocharge,10,83,89,0,0,0,No Error,1740475644,1,0,25,BT106003012MT00221017760,44,865209069519354,21868402-24e3-49fa-98f6-e2c6b83f5b38
0,0,0,332,0,663,No Error,0,remote_unlock_nocharge,10,83,89,0,0,0,No Error,1740475644,1,0,25,BT106003012MT00221017760,44,865209069519354,21868402-24e3-49fa-98f6-e2c6b83f5b38
0,0,0,332,0,663,No Error,0,remote_unlock_nocharge,10,83,89,0,0,0,No Error,1740475644,1,0,25,BT106003012MT00221017760,44,865209069519354,21868402-24e3-49fa-98f6-e2c6b83f5b38
0,0,0,332,0,663,No Error,0,remote_unlock_nocharge,10,83,89,0,0,0,No Error,1740475644,1,0,25,BT106003012MT00221017760,44,865209069519354,21868402-24e3-49fa-98f6-e2c6b83f5b38
