longDir,long,lat,ctime,latDir,tboxId,tbox_id
E,79.898625,6.795404500000001,1739405941,N,865209069519313,4db8e093-a366-437b-bb9b-55b017cf9f53
E,79.8986595,6.795399166666666,1739405971,N,865209069519313,4db8e093-a366-437b-bb9b-55b017cf9f53
E,79.8986435,6.795473833333333,1739406002,N,865209069519313,4db8e093-a366-437b-bb9b-55b017cf9f53
E,79.89700483333333,6.795990333333333,1739406032,N,865209069519313,4db8e093-a366-437b-bb9b-55b017cf9f53
E,79.894458,6.796676500000001,1739406062,N,865209069519313,4db8e093-a366-437b-bb9b-55b017cf9f53
E,79.891848,6.797603,1739406092,N,865209069519313,4db8e093-a366-437b-bb9b-55b017cf9f53
E,79.889126,6.797485,1739406122,N,865209069519313,4db8e093-a366-437b-bb9b-55b017cf9f53
E,79.88824833333334,6.795888666666667,1739406153,N,865209069519313,4db8e093-a366-437b-bb9b-55b017cf9f53
E,79.88723416666669,6.793433333333333,1739406183,N,865209069519313,4db8e093-a366-437b-bb9b-55b017cf9f53
E,79.88635783333334,6.791046999999999,1739406213,N,865209069519313,4db8e093-a366-437b-bb9b-55b017cf9f53
E,79.88537300000002,6.787886166666667,1739406299,N,865209069519313,4db8e093-a366-437b-bb9b-55b017cf9f53
E,79.8853755,6.787879500000001,1739406329,N,865209069519313,4db8e093-a366-437b-bb9b-55b017cf9f53
E,79.88537766666667,6.787874,1739406359,N,865209069519313,4db8e093-a366-437b-bb9b-55b017cf9f53
E,79.88537350000001,6.787876166666666,1739406389,N,865209069519313,4db8e093-a366-437b-bb9b-55b017cf9f53
E,79.88536866666666,6.787878166666667,1739406420,N,865209069519313,4db8e093-a366-437b-bb9b-55b017cf9f53
E,79.88498,6.786696666666668,1739406518,N,865209069519313,4db8e093-a366-437b-bb9b-55b017cf9f53
E,79.8849725,6.7867135,1739406548,N,865209069519313,4db8e093-a366-437b-bb9b-55b017cf9f53
E,79.88495916666668,6.786722666666666,1739406578,N,865209069519313,4db8e093-a366-437b-bb9b-55b017cf9f53
E,79.88494716666668,6.786724833333333,1739406622,N,865209069519313,4db8e093-a366-437b-bb9b-55b017cf9f53
E,79.88464083333334,6.786336666666667,1739411326,N,865209069519313,4db8e093-a366-437b-bb9b-55b017cf9f53
E,79.88474800000002,6.787088166666666,1739411356,N,865209069519313,4db8e093-a366-437b-bb9b-55b017cf9f53
E,79.8849585,6.788000166666666,1739411386,N,865209069519313,4db8e093-a366-437b-bb9b-55b017cf9f53
E,79.88582016666666,6.789924333333333,1739411417,N,865209069519313,4db8e093-a366-437b-bb9b-55b017cf9f53
E,79.886549,6.791793833333332,1739411447,N,865209069519313,4db8e093-a366-437b-bb9b-55b017cf9f53
E,79.88766500000001,6.794631166666666,1739411477,N,865209069519313,4db8e093-a366-437b-bb9b-55b017cf9f53
E,79.88851416666667,6.7971865,1739411508,N,865209069519313,4db8e093-a366-437b-bb9b-55b017cf9f53
E,79.88850533333333,6.797204499999999,1739411538,N,865209069519313,4db8e093-a366-437b-bb9b-55b017cf9f53
E,79.88851950000002,6.797219166666667,1739411568,N,865209069519313,4db8e093-a366-437b-bb9b-55b017cf9f53
E,79.88853850000002,6.797250166666667,1739411598,N,865209069519313,4db8e093-a366-437b-bb9b-55b017cf9f53
E,79.88853933333333,6.797246833333332,1739411629,N,865209069519313,4db8e093-a366-437b-bb9b-55b017cf9f53
E,79.88956916666666,6.797591833333333,1739411660,N,865209069519313,4db8e093-a366-437b-bb9b-55b017cf9f53
E,79.89201083333334,6.797586666666666,1739411691,N,865209069519313,4db8e093-a366-437b-bb9b-55b017cf9f53
E,79.89424600000001,6.796751166666667,1739411721,N,865209069519313,4db8e093-a366-437b-bb9b-55b017cf9f53
E,79.89647166666668,6.796224499999999,1739411751,N,865209069519313,4db8e093-a366-437b-bb9b-55b017cf9f53
E,79.89861566666669,6.795584833333334,1739411781,N,865209069519313,4db8e093-a366-437b-bb9b-55b017cf9f53
E,79.89865116666667,6.795535666666666,1739411811,N,865209069519313,4db8e093-a366-437b-bb9b-55b017cf9f53
E,79.898663,6.795539333333333,1739411842,N,865209069519313,4db8e093-a366-437b-bb9b-55b017cf9f53
E,79.89865916666666,6.795531166666666,1739411872,N,865209069519313,4db8e093-a366-437b-bb9b-55b017cf9f53
E,79.898666,6.795525833333333,1739411902,N,865209069519313,4db8e093-a366-437b-bb9b-55b017cf9f53
E,79.89868233333333,6.795530333333333,1739411932,N,865209069519313,4db8e093-a366-437b-bb9b-55b017cf9f53
E,79.89079716666669,6.7977285,1739415103,N,865209069519313,4db8e093-a366-437b-bb9b-55b017cf9f53
E,79.89077833333334,6.797654333333332,1739415133,N,865209069519313,4db8e093-a366-437b-bb9b-55b017cf9f53
E,79.89079316666667,6.797725166666667,1739415163,N,865209069519313,4db8e093-a366-437b-bb9b-55b017cf9f53
E,79.89078883333335,6.797726166666666,1739415208,N,865209069519313,4db8e093-a366-437b-bb9b-55b017cf9f53
E,79.89079216666667,6.797731166666667,1739415238,N,865209069519313,4db8e093-a366-437b-bb9b-55b017cf9f53
E,79.89079283333334,6.797737833333334,1739415270,N,865209069519313,4db8e093-a366-437b-bb9b-55b017cf9f53
E,79.88916116666665,6.797536333333333,1739416373,N,865209069519313,4db8e093-a366-437b-bb9b-55b017cf9f53
E,79.88915183333333,6.797526666666666,1739416403,N,865209069519313,4db8e093-a366-437b-bb9b-55b017cf9f53
E,79.8891435,6.797523666666666,1739416434,N,865209069519313,4db8e093-a366-437b-bb9b-55b017cf9f53
E,79.89035950000002,6.797719333333333,1739416464,N,865209069519313,4db8e093-a366-437b-bb9b-55b017cf9f53
E,79.892503,6.797419166666667,1739416494,N,865209069519313,4db8e093-a366-437b-bb9b-55b017cf9f53
E,79.89514716666666,6.796497,1739416524,N,865209069519313,4db8e093-a366-437b-bb9b-55b017cf9f53
E,79.89749283333335,6.795870166666667,1739416554,N,865209069519313,4db8e093-a366-437b-bb9b-55b017cf9f53
E,79.89864200000001,6.7955465,1739416584,N,865209069519313,4db8e093-a366-437b-bb9b-55b017cf9f53
E,79.898649,6.795537999999999,1739416615,N,865209069519313,4db8e093-a366-437b-bb9b-55b017cf9f53
E,79.898653,6.795533666666667,1739416645,N,865209069519313,4db8e093-a366-437b-bb9b-55b017cf9f53
E,79.898657,6.795531666666666,1739416675,N,865209069519313,4db8e093-a366-437b-bb9b-55b017cf9f53
E,79.89865733333335,6.795530666666667,1739416705,N,865209069519313,4db8e093-a366-437b-bb9b-55b017cf9f53
E,79.89865516666669,6.795531166666666,1739416735,N,865209069519313,4db8e093-a366-437b-bb9b-55b017cf9f53
E,79.89274966666667,6.797272833333333,1739417270,N,865209069519313,4db8e093-a366-437b-bb9b-55b017cf9f53
E,79.89022616666666,6.797661333333334,1739417300,N,865209069519313,4db8e093-a366-437b-bb9b-55b017cf9f53
E,79.88859933333335,6.797298000000001,1739417331,N,865209069519313,4db8e093-a366-437b-bb9b-55b017cf9f53
E,79.88776800000001,6.794780166666667,1739417361,N,865209069519313,4db8e093-a366-437b-bb9b-55b017cf9f53
E,79.88522800000003,6.788285333333333,1739417433,N,865209069519313,4db8e093-a366-437b-bb9b-55b017cf9f53
E,79.88461083333333,6.785785333333333,1739417463,N,865209069519313,4db8e093-a366-437b-bb9b-55b017cf9f53
E,79.88419333333333,6.782845666666667,1739417494,N,865209069519313,4db8e093-a366-437b-bb9b-55b017cf9f53
E,79.88348083333334,6.780596666666666,1739417524,N,865209069519313,4db8e093-a366-437b-bb9b-55b017cf9f53
E,79.88312983333334,6.778389666666667,1739417557,N,865209069519313,4db8e093-a366-437b-bb9b-55b017cf9f53
E,79.88339933333333,6.776409666666666,1739417587,N,865209069519313,4db8e093-a366-437b-bb9b-55b017cf9f53
E,79.883927,6.775127333333334,1739417617,N,865209069519313,4db8e093-a366-437b-bb9b-55b017cf9f53
E,79.883834,6.775053499999999,1739417663,N,865209069519313,4db8e093-a366-437b-bb9b-55b017cf9f53
E,79.8838365,6.775057,1739417694,N,865209069519313,4db8e093-a366-437b-bb9b-55b017cf9f53
E,79.88383733333333,6.775053499999999,1739417724,N,865209069519313,4db8e093-a366-437b-bb9b-55b017cf9f53
E,79.8838405,6.775054999999999,1739417754,N,865209069519313,4db8e093-a366-437b-bb9b-55b017cf9f53
E,79.883842,6.775054,1739417784,N,865209069519313,4db8e093-a366-437b-bb9b-55b017cf9f53
E,79.883623,6.776036166666668,1739418368,N,865209069519313,4db8e093-a366-437b-bb9b-55b017cf9f53
E,79.88311516666666,6.7780965,1739418398,N,865209069519313,4db8e093-a366-437b-bb9b-55b017cf9f53
E,79.88306466666668,6.779237499999999,1739418428,N,865209069519313,4db8e093-a366-437b-bb9b-55b017cf9f53
E,79.8831095,6.779465166666667,1739418458,N,865209069519313,4db8e093-a366-437b-bb9b-55b017cf9f53
E,79.88375283333333,6.781478499999999,1739418489,N,865209069519313,4db8e093-a366-437b-bb9b-55b017cf9f53
E,79.88440916666669,6.784390166666666,1739418519,N,865209069519313,4db8e093-a366-437b-bb9b-55b017cf9f53
E,79.88478333333335,6.7873725,1739418550,N,865209069519313,4db8e093-a366-437b-bb9b-55b017cf9f53
E,79.88575399999999,6.789772333333334,1739418581,N,865209069519313,4db8e093-a366-437b-bb9b-55b017cf9f53
E,79.88715783333333,6.793504166666666,1739418637,N,865209069519313,4db8e093-a366-437b-bb9b-55b017cf9f53
E,79.88848083333335,6.797203666666666,1739418667,N,865209069519313,4db8e093-a366-437b-bb9b-55b017cf9f53
E,79.88975916666666,6.797631333333333,1739418697,N,865209069519313,4db8e093-a366-437b-bb9b-55b017cf9f53
E,79.89250016666666,6.797443833333333,1739418727,N,865209069519313,4db8e093-a366-437b-bb9b-55b017cf9f53
E,79.89515150000003,6.796515333333334,1739418758,N,865209069519313,4db8e093-a366-437b-bb9b-55b017cf9f53
E,79.89760533333333,6.795847666666667,1739418788,N,865209069519313,4db8e093-a366-437b-bb9b-55b017cf9f53
E,79.89865583333334,6.795558666666667,1739418818,N,865209069519313,4db8e093-a366-437b-bb9b-55b017cf9f53
E,79.89864933333334,6.795552666666667,1739418848,N,865209069519313,4db8e093-a366-437b-bb9b-55b017cf9f53
E,79.89864866666667,6.795548666666667,1739418878,N,865209069519313,4db8e093-a366-437b-bb9b-55b017cf9f53
E,79.8986475,6.795544666666666,1739418908,N,865209069519313,4db8e093-a366-437b-bb9b-55b017cf9f53
E,79.898651,6.795541666666666,1739418939,N,865209069519313,4db8e093-a366-437b-bb9b-55b017cf9f53
E,79.89864816666667,6.795540833333333,1739418969,N,865209069519313,4db8e093-a366-437b-bb9b-55b017cf9f53
E,79.89626183333333,6.796212166666667,1739418999,N,865209069519313,4db8e093-a366-437b-bb9b-55b017cf9f53
E,79.89346816666666,6.796915166666667,1739419029,N,865209069519313,4db8e093-a366-437b-bb9b-55b017cf9f53
E,79.89099966666666,6.797796,1739419059,N,865209069519313,4db8e093-a366-437b-bb9b-55b017cf9f53
E,79.89076600000001,6.797753166666666,1739419089,N,865209069519313,4db8e093-a366-437b-bb9b-55b017cf9f53
E,79.89076433333334,6.797751,1739419119,N,865209069519313,4db8e093-a366-437b-bb9b-55b017cf9f53
E,79.89076666666666,6.797753,1739419150,N,865209069519313,4db8e093-a366-437b-bb9b-55b017cf9f53
E,79.89076983333332,6.797755666666665,1739419180,N,865209069519313,4db8e093-a366-437b-bb9b-55b017cf9f53
E,79.8907725,6.797758000000001,1739419210,N,865209069519313,4db8e093-a366-437b-bb9b-55b017cf9f53
E,79.88848366666666,6.799025166666667,1739419368,N,865209069519313,4db8e093-a366-437b-bb9b-55b017cf9f53
E,79.88871533333332,6.798218166666667,1739419398,N,865209069519313,4db8e093-a366-437b-bb9b-55b017cf9f53
E,79.888724,6.798231166666667,1739419429,N,865209069519313,4db8e093-a366-437b-bb9b-55b017cf9f53
E,79.8887405,6.798232666666666,1739419459,N,865209069519313,4db8e093-a366-437b-bb9b-55b017cf9f53
E,79.88874500000001,6.798233333333333,1739419489,N,865209069519313,4db8e093-a366-437b-bb9b-55b017cf9f53
E,79.88874466666667,6.798239666666666,1739419519,N,865209069519313,4db8e093-a366-437b-bb9b-55b017cf9f53
E,79.88874016666666,6.798242166666667,1739419550,N,865209069519313,4db8e093-a366-437b-bb9b-55b017cf9f53
E,79.88857233333333,6.797423666666667,1739419788,N,865209069519313,4db8e093-a366-437b-bb9b-55b017cf9f53
E,79.88912283333335,6.797528833333333,1739419819,N,865209069519313,4db8e093-a366-437b-bb9b-55b017cf9f53
E,79.89054783333334,6.797760666666666,1739419849,N,865209069519313,4db8e093-a366-437b-bb9b-55b017cf9f53
E,79.8936075,6.796903666666666,1739419882,N,865209069519313,4db8e093-a366-437b-bb9b-55b017cf9f53
E,79.89608283333334,6.796302499999999,1739419912,N,865209069519313,4db8e093-a366-437b-bb9b-55b017cf9f53
E,79.89803416666668,6.795706333333333,1739419942,N,865209069519313,4db8e093-a366-437b-bb9b-55b017cf9f53
E,79.89864566666667,6.7955475,1739419972,N,865209069519313,4db8e093-a366-437b-bb9b-55b017cf9f53
E,79.89864616666667,6.795544666666666,1739420002,N,865209069519313,4db8e093-a366-437b-bb9b-55b017cf9f53
E,79.89864666666668,6.795543333333335,1739420033,N,865209069519313,4db8e093-a366-437b-bb9b-55b017cf9f53
E,79.898647,6.795544833333334,1739420063,N,865209069519313,4db8e093-a366-437b-bb9b-55b017cf9f53
E,79.89864666666668,6.795543333333335,1739420093,N,865209069519313,4db8e093-a366-437b-bb9b-55b017cf9f53
E,79.90072416666666,6.795048666666666,1739421685,N,865209069519313,4db8e093-a366-437b-bb9b-55b017cf9f53
E,79.90067033333334,6.794824999999999,1739421715,N,865209069519313,4db8e093-a366-437b-bb9b-55b017cf9f53
E,79.90070100000001,6.794730499999999,1739421745,N,865209069519313,4db8e093-a366-437b-bb9b-55b017cf9f53
E,79.89947716666667,6.795401333333333,1739421775,N,865209069519313,4db8e093-a366-437b-bb9b-55b017cf9f53
E,79.898631,6.795543833333333,1739421806,N,865209069519313,4db8e093-a366-437b-bb9b-55b017cf9f53
E,79.8986265,6.795545499999999,1739421836,N,865209069519313,4db8e093-a366-437b-bb9b-55b017cf9f53
E,79.89760533333333,6.795801,1739421867,N,865209069519313,4db8e093-a366-437b-bb9b-55b017cf9f53
E,79.8951555,6.796476666666666,1739421897,N,865209069519313,4db8e093-a366-437b-bb9b-55b017cf9f53
E,79.8928815,6.797220166666667,1739421927,N,865209069519313,4db8e093-a366-437b-bb9b-55b017cf9f53
E,79.89069666666666,6.797759833333333,1739421958,N,865209069519313,4db8e093-a366-437b-bb9b-55b017cf9f53
E,79.8905005,6.797679333333334,1739421988,N,865209069519313,4db8e093-a366-437b-bb9b-55b017cf9f53
E,79.8905005,6.797677833333334,1739422018,N,865209069519313,4db8e093-a366-437b-bb9b-55b017cf9f53
E,79.89050033333334,6.797675333333332,1739422048,N,865209069519313,4db8e093-a366-437b-bb9b-55b017cf9f53
E,79.89049933333334,6.797676166666667,1739422078,N,865209069519313,4db8e093-a366-437b-bb9b-55b017cf9f53
E,79.89049766666668,6.797679,1739422108,N,865209069519313,4db8e093-a366-437b-bb9b-55b017cf9f53
E,79.89055083333334,6.797747833333333,1739422141,N,865209069519313,4db8e093-a366-437b-bb9b-55b017cf9f53
E,79.89330650000001,6.797024666666665,1739422171,N,865209069519313,4db8e093-a366-437b-bb9b-55b017cf9f53
E,79.89570699999999,6.796376500000001,1739422201,N,865209069519313,4db8e093-a366-437b-bb9b-55b017cf9f53
E,79.89794750000001,6.795726,1739422231,N,865209069519313,4db8e093-a366-437b-bb9b-55b017cf9f53
E,79.89862016666667,6.7955505,1739422261,N,865209069519313,4db8e093-a366-437b-bb9b-55b017cf9f53
E,79.89862133333332,6.795552166666666,1739422292,N,865209069519313,4db8e093-a366-437b-bb9b-55b017cf9f53
E,79.89862333333333,6.795552999999999,1739422322,N,865209069519313,4db8e093-a366-437b-bb9b-55b017cf9f53
E,79.898621,6.795554833333334,1739422352,N,865209069519313,4db8e093-a366-437b-bb9b-55b017cf9f53
E,79.897094,6.795965666666666,1739422383,N,865209069519313,4db8e093-a366-437b-bb9b-55b017cf9f53
E,79.89634216666667,6.7959715,1739422413,N,865209069519313,4db8e093-a366-437b-bb9b-55b017cf9f53
E,79.8963355,6.795971166666668,1739422443,N,865209069519313,4db8e093-a366-437b-bb9b-55b017cf9f53
E,79.89633516666666,6.795976,1739422473,N,865209069519313,4db8e093-a366-437b-bb9b-55b017cf9f53
E,79.89633566666666,6.795978166666667,1739422503,N,865209069519313,4db8e093-a366-437b-bb9b-55b017cf9f53
E,79.89633716666667,6.795979999999999,1739422534,N,865209069519313,4db8e093-a366-437b-bb9b-55b017cf9f53
E,79.898635,6.795551333333333,1739422830,N,865209069519313,4db8e093-a366-437b-bb9b-55b017cf9f53
E,79.89861700000002,6.795537833333333,1739422860,N,865209069519313,4db8e093-a366-437b-bb9b-55b017cf9f53
E,79.89861383333333,6.795538666666666,1739422891,N,865209069519313,4db8e093-a366-437b-bb9b-55b017cf9f53
E,79.8986145,6.795537333333334,1739422921,N,865209069519313,4db8e093-a366-437b-bb9b-55b017cf9f53
E,79.89861466666667,6.795535666666666,1739422951,N,865209069519313,4db8e093-a366-437b-bb9b-55b017cf9f53
E,79.89627883333333,6.795973166666666,1739424058,N,865209069519313,4db8e093-a366-437b-bb9b-55b017cf9f53
E,79.89626633333334,6.795996833333334,1739424088,N,865209069519313,4db8e093-a366-437b-bb9b-55b017cf9f53
E,79.89626683333333,6.7960155,1739424119,N,865209069519313,4db8e093-a366-437b-bb9b-55b017cf9f53
E,79.89626916666666,6.796027666666667,1739424149,N,865209069519313,4db8e093-a366-437b-bb9b-55b017cf9f53
E,79.89627933333333,6.796027833333333,1739424179,N,865209069519313,4db8e093-a366-437b-bb9b-55b017cf9f53
E,79.89779466666667,6.795776000000001,1739424209,N,865209069519313,4db8e093-a366-437b-bb9b-55b017cf9f53
E,79.89865633333334,6.795532166666668,1739424239,N,865209069519313,4db8e093-a366-437b-bb9b-55b017cf9f53
E,79.89865866666668,6.795525999999999,1739424270,N,865209069519313,4db8e093-a366-437b-bb9b-55b017cf9f53
E,79.89866133333334,6.795524333333333,1739424300,N,865209069519313,4db8e093-a366-437b-bb9b-55b017cf9f53
E,79.89866149999999,6.795522999999999,1739424330,N,865209069519313,4db8e093-a366-437b-bb9b-55b017cf9f53
E,79.898663,6.795522,1739424362,N,865209069519313,4db8e093-a366-437b-bb9b-55b017cf9f53
E,79.89868316666666,6.795501,1739426396,N,865209069519313,4db8e093-a366-437b-bb9b-55b017cf9f53
E,79.89867950000001,6.795509,1739426428,N,865209069519313,4db8e093-a366-437b-bb9b-55b017cf9f53
E,79.8986885,6.795505833333334,1739426458,N,865209069519313,4db8e093-a366-437b-bb9b-55b017cf9f53
E,79.89868783333333,6.795508166666667,1739426488,N,865209069519313,4db8e093-a366-437b-bb9b-55b017cf9f53
E,79.8986835,6.795507333333334,1739426518,N,865209069519313,4db8e093-a366-437b-bb9b-55b017cf9f53
E,79.90105683333333,6.798577666666667,1739427321,N,865209069519313,4db8e093-a366-437b-bb9b-55b017cf9f53
E,79.90108200000002,6.798577666666667,1739427351,N,865209069519313,4db8e093-a366-437b-bb9b-55b017cf9f53
E,79.90108683333332,6.798580666666667,1739427382,N,865209069519313,4db8e093-a366-437b-bb9b-55b017cf9f53
E,79.90108283333333,6.798584166666666,1739427412,N,865209069519313,4db8e093-a366-437b-bb9b-55b017cf9f53
E,79.90107966666667,6.798586666666667,1739427442,N,865209069519313,4db8e093-a366-437b-bb9b-55b017cf9f53
E,79.90108000000001,6.798583166666667,1739427472,N,865209069519313,4db8e093-a366-437b-bb9b-55b017cf9f53
E,79.90107216666667,6.798481333333332,1739427816,N,865209069519313,4db8e093-a366-437b-bb9b-55b017cf9f53
E,79.90106783333334,6.798508333333332,1739427846,N,865209069519313,4db8e093-a366-437b-bb9b-55b017cf9f53
E,79.90110150000001,6.798630833333334,1739427876,N,865209069519313,4db8e093-a366-437b-bb9b-55b017cf9f53
E,79.90109716666666,6.799876499999999,1739427907,N,865209069519313,4db8e093-a366-437b-bb9b-55b017cf9f53
E,79.90090733333334,6.800809833333333,1739427937,N,865209069519313,4db8e093-a366-437b-bb9b-55b017cf9f53
E,79.9012905,6.801286166666667,1739427967,N,865209069519313,4db8e093-a366-437b-bb9b-55b017cf9f53
E,79.90130283333333,6.801292666666666,1739427997,N,865209069519313,4db8e093-a366-437b-bb9b-55b017cf9f53
E,79.90130933333333,6.801293333333333,1739428028,N,865209069519313,4db8e093-a366-437b-bb9b-55b017cf9f53
E,79.9013145,6.801294666666666,1739428058,N,865209069519313,4db8e093-a366-437b-bb9b-55b017cf9f53
E,79.90131716666666,6.8012925,1739428088,N,865209069519313,4db8e093-a366-437b-bb9b-55b017cf9f53
E,79.90095533333333,6.801065333333334,1739428118,N,865209069519313,4db8e093-a366-437b-bb9b-55b017cf9f53
E,79.90109516666666,6.800147833333334,1739428148,N,865209069519313,4db8e093-a366-437b-bb9b-55b017cf9f53
E,79.90111833333334,6.798902,1739428178,N,865209069519313,4db8e093-a366-437b-bb9b-55b017cf9f53
E,79.89998083333333,6.799201166666667,1739428209,N,865209069519313,4db8e093-a366-437b-bb9b-55b017cf9f53
E,79.89858299999999,6.797621833333333,1739428239,N,865209069519313,4db8e093-a366-437b-bb9b-55b017cf9f53
E,79.89837583333333,6.796077333333333,1739428269,N,865209069519313,4db8e093-a366-437b-bb9b-55b017cf9f53
E,79.8986325,6.795584499999999,1739428299,N,865209069519313,4db8e093-a366-437b-bb9b-55b017cf9f53
E,79.898633,6.795564999999999,1739428329,N,865209069519313,4db8e093-a366-437b-bb9b-55b017cf9f53
E,79.89863050000001,6.795557666666667,1739428359,N,865209069519313,4db8e093-a366-437b-bb9b-55b017cf9f53
E,79.89862799999999,6.795555166666666,1739428390,N,865209069519313,4db8e093-a366-437b-bb9b-55b017cf9f53
E,79.898624,6.795554666666668,1739428420,N,865209069519313,4db8e093-a366-437b-bb9b-55b017cf9f53
E,79.89862250000002,6.795555999999999,1739428450,N,865209069519313,4db8e093-a366-437b-bb9b-55b017cf9f53
E,79.898621,6.795557833333334,1739428480,N,865209069519313,4db8e093-a366-437b-bb9b-55b017cf9f53
E,79.89861983333334,6.7955585,1739428510,N,865209069519313,4db8e093-a366-437b-bb9b-55b017cf9f53
E,79.89861883333333,6.795557000000001,1739428540,N,865209069519313,4db8e093-a366-437b-bb9b-55b017cf9f53
E,79.8982985,6.795779499999999,1739428570,N,865209069519313,4db8e093-a366-437b-bb9b-55b017cf9f53
E,79.89861383333333,6.798582166666667,1739428600,N,865209069519313,4db8e093-a366-437b-bb9b-55b017cf9f53
E,79.89872166666667,6.799656000000001,1739428630,N,865209069519313,4db8e093-a366-437b-bb9b-55b017cf9f53
E,79.89800766666669,6.800058166666668,1739428661,N,865209069519313,4db8e093-a366-437b-bb9b-55b017cf9f53
E,79.89798383333333,6.800058,1739428691,N,865209069519313,4db8e093-a366-437b-bb9b-55b017cf9f53
E,79.89805150000001,6.799856500000001,1739428721,N,865209069519313,4db8e093-a366-437b-bb9b-55b017cf9f53
E,79.89898766666667,6.799137999999999,1739428751,N,865209069519313,4db8e093-a366-437b-bb9b-55b017cf9f53
E,79.89859233333333,6.797821833333334,1739428781,N,865209069519313,4db8e093-a366-437b-bb9b-55b017cf9f53
E,79.89855833333333,6.797777833333333,1739428811,N,865209069519313,4db8e093-a366-437b-bb9b-55b017cf9f53
E,79.8982755,6.795713833333334,1739428842,N,865209069519313,4db8e093-a366-437b-bb9b-55b017cf9f53
E,79.90036633333334,6.795121499999999,1739428872,N,865209069519313,4db8e093-a366-437b-bb9b-55b017cf9f53
E,79.90077316666667,6.793709333333334,1739428902,N,865209069519313,4db8e093-a366-437b-bb9b-55b017cf9f53
E,79.90123833333334,6.793777333333333,1739428932,N,865209069519313,4db8e093-a366-437b-bb9b-55b017cf9f53
E,79.90123216666666,6.793785499999999,1739428962,N,865209069519313,4db8e093-a366-437b-bb9b-55b017cf9f53
E,79.901178,6.793751833333332,1739428992,N,865209069519313,4db8e093-a366-437b-bb9b-55b017cf9f53
E,79.90074316666669,6.794649666666667,1739429023,N,865209069519313,4db8e093-a366-437b-bb9b-55b017cf9f53
E,79.901111,6.794830333333334,1739429053,N,865209069519313,4db8e093-a366-437b-bb9b-55b017cf9f53
E,79.90160550000002,6.794270500000001,1739429083,N,865209069519313,4db8e093-a366-437b-bb9b-55b017cf9f53
E,79.90157566666667,6.794207500000001,1739429113,N,865209069519313,4db8e093-a366-437b-bb9b-55b017cf9f53
E,79.90171600000001,6.7944555,1739429143,N,865209069519313,4db8e093-a366-437b-bb9b-55b017cf9f53
E,79.90022116666667,6.795148166666666,1739429173,N,865209069519313,4db8e093-a366-437b-bb9b-55b017cf9f53
E,79.89865533333334,6.795536833333333,1739429203,N,865209069519313,4db8e093-a366-437b-bb9b-55b017cf9f53
E,79.89864716666666,6.795541166666667,1739429234,N,865209069519313,4db8e093-a366-437b-bb9b-55b017cf9f53
E,79.89864583333333,6.795538833333334,1739429264,N,865209069519313,4db8e093-a366-437b-bb9b-55b017cf9f53
E,79.898643,6.7955345,1739429294,N,865209069519313,4db8e093-a366-437b-bb9b-55b017cf9f53
E,79.89864166666668,6.795534166666666,1739429324,N,865209069519313,4db8e093-a366-437b-bb9b-55b017cf9f53
E,79.8986385,6.795530499999999,1739429354,N,865209069519313,4db8e093-a366-437b-bb9b-55b017cf9f53
E,79.90105716666667,6.798571833333334,1739430639,N,865209069519313,4db8e093-a366-437b-bb9b-55b017cf9f53
E,79.90105216666667,6.798572166666666,1739430669,N,865209069519313,4db8e093-a366-437b-bb9b-55b017cf9f53
E,79.90105483333333,6.798571833333334,1739430700,N,865209069519313,4db8e093-a366-437b-bb9b-55b017cf9f53
E,79.90104283333334,6.798574166666667,1739430731,N,865209069519313,4db8e093-a366-437b-bb9b-55b017cf9f53
E,79.901042,6.798575833333333,1739430761,N,865209069519313,4db8e093-a366-437b-bb9b-55b017cf9f53
E,79.89866033333332,6.795537999999999,1739431042,N,865209069519313,4db8e093-a366-437b-bb9b-55b017cf9f53
E,79.89865483333332,6.795532333333334,1739431072,N,865209069519313,4db8e093-a366-437b-bb9b-55b017cf9f53
E,79.89866083333332,6.795525166666666,1739431103,N,865209069519313,4db8e093-a366-437b-bb9b-55b017cf9f53
E,79.89865966666667,6.795520499999999,1739431133,N,865209069519313,4db8e093-a366-437b-bb9b-55b017cf9f53
E,79.8986595,6.795518,1739431163,N,865209069519313,4db8e093-a366-437b-bb9b-55b017cf9f53
E,79.89941833333334,6.799159,1739431812,N,865209069519313,4db8e093-a366-437b-bb9b-55b017cf9f53
E,79.89948383333333,6.799072166666667,1739431842,N,865209069519313,4db8e093-a366-437b-bb9b-55b017cf9f53
E,79.90074166666666,6.798619333333333,1739431872,N,865209069519313,4db8e093-a366-437b-bb9b-55b017cf9f53
E,79.90145533333333,6.798622833333333,1739431902,N,865209069519313,4db8e093-a366-437b-bb9b-55b017cf9f53
E,79.90163299999999,6.798859166666666,1739431932,N,865209069519313,4db8e093-a366-437b-bb9b-55b017cf9f53
E,79.90248783333332,6.799744500000001,1739431963,N,865209069519313,4db8e093-a366-437b-bb9b-55b017cf9f53
E,79.90247133333334,6.799737666666665,1739431993,N,865209069519313,4db8e093-a366-437b-bb9b-55b017cf9f53
E,79.90184466666666,6.799259333333334,1739432023,N,865209069519313,4db8e093-a366-437b-bb9b-55b017cf9f53
E,79.90182283333334,6.799249166666668,1739432054,N,865209069519313,4db8e093-a366-437b-bb9b-55b017cf9f53
E,79.90181183333334,6.799257,1739432085,N,865209069519313,4db8e093-a366-437b-bb9b-55b017cf9f53
E,79.9013115,6.798935,1739432115,N,865209069519313,4db8e093-a366-437b-bb9b-55b017cf9f53
E,79.9011305,6.7996495,1739432145,N,865209069519313,4db8e093-a366-437b-bb9b-55b017cf9f53
E,79.90094316666666,6.8007355,1739432175,N,865209069519313,4db8e093-a366-437b-bb9b-55b017cf9f53
E,79.9012805,6.801277166666667,1739432205,N,865209069519313,4db8e093-a366-437b-bb9b-55b017cf9f53
E,79.90130433333334,6.801294666666666,1739432235,N,865209069519313,4db8e093-a366-437b-bb9b-55b017cf9f53
E,79.90100216666666,6.800712000000001,1739432268,N,865209069519313,4db8e093-a366-437b-bb9b-55b017cf9f53
E,79.90116266666668,6.799725499999999,1739432298,N,865209069519313,4db8e093-a366-437b-bb9b-55b017cf9f53
E,79.9007325,6.798588499999999,1739432328,N,865209069519313,4db8e093-a366-437b-bb9b-55b017cf9f53
E,79.90009666666667,6.799552500000001,1739432358,N,865209069519313,4db8e093-a366-437b-bb9b-55b017cf9f53
E,79.90024116666667,6.799688166666666,1739432388,N,865209069519313,4db8e093-a366-437b-bb9b-55b017cf9f53
E,79.90025183333334,6.799693,1739432419,N,865209069519313,4db8e093-a366-437b-bb9b-55b017cf9f53
E,79.90025133333333,6.799694,1739432449,N,865209069519313,4db8e093-a366-437b-bb9b-55b017cf9f53
E,79.90024983333333,6.799696666666667,1739432479,N,865209069519313,4db8e093-a366-437b-bb9b-55b017cf9f53
E,79.9002515,6.799695000000001,1739432509,N,865209069519313,4db8e093-a366-437b-bb9b-55b017cf9f53
E,79.90025433333334,6.799695833333334,1739432540,N,865209069519313,4db8e093-a366-437b-bb9b-55b017cf9f53
E,79.90025233333334,6.799694166666666,1739432570,N,865209069519313,4db8e093-a366-437b-bb9b-55b017cf9f53
E,79.90025,6.799692,1739432600,N,865209069519313,4db8e093-a366-437b-bb9b-55b017cf9f53
E,79.90024716666667,6.799691833333332,1739432631,N,865209069519313,4db8e093-a366-437b-bb9b-55b017cf9f53
E,79.90040683333334,6.799702166666666,1739432661,N,865209069519313,4db8e093-a366-437b-bb9b-55b017cf9f53
E,79.90043516666667,6.799704166666667,1739432691,N,865209069519313,4db8e093-a366-437b-bb9b-55b017cf9f53
E,79.90014500000001,6.799324833333332,1739432721,N,865209069519313,4db8e093-a366-437b-bb9b-55b017cf9f53
E,79.89863416666667,6.79824,1739432751,N,865209069519313,4db8e093-a366-437b-bb9b-55b017cf9f53
E,79.89830700000002,6.795725166666667,1739432781,N,865209069519313,4db8e093-a366-437b-bb9b-55b017cf9f53
E,79.89868166666668,6.795549999999999,1739432811,N,865209069519313,4db8e093-a366-437b-bb9b-55b017cf9f53
E,79.89868,6.795546166666666,1739432842,N,865209069519313,4db8e093-a366-437b-bb9b-55b017cf9f53
E,79.89867783333334,6.7955475,1739432872,N,865209069519313,4db8e093-a366-437b-bb9b-55b017cf9f53
E,79.898676,6.795546666666667,1739432902,N,865209069519313,4db8e093-a366-437b-bb9b-55b017cf9f53
E,79.89867816666667,6.795545333333333,1739432932,N,865209069519313,4db8e093-a366-437b-bb9b-55b017cf9f53
E,79.89176416666666,6.797656333333333,1739437097,N,865209069519313,4db8e093-a366-437b-bb9b-55b017cf9f53
E,79.89077083333333,6.797690666666667,1739437128,N,865209069519313,4db8e093-a366-437b-bb9b-55b017cf9f53
E,79.89077200000001,6.797687999999999,1739437158,N,865209069519313,4db8e093-a366-437b-bb9b-55b017cf9f53
E,79.89075366666665,6.797737833333334,1739437188,N,865209069519313,4db8e093-a366-437b-bb9b-55b017cf9f53
E,79.89074366666667,6.797768833333333,1739437219,N,865209069519313,4db8e093-a366-437b-bb9b-55b017cf9f53
E,79.89074183333334,6.797772166666666,1739437250,N,865209069519313,4db8e093-a366-437b-bb9b-55b017cf9f53
E,79.89074600000001,6.797770833333334,1739437280,N,865209069519313,4db8e093-a366-437b-bb9b-55b017cf9f53
E,79.89624883333335,6.796288166666667,1739438846,N,865209069519313,4db8e093-a366-437b-bb9b-55b017cf9f53
E,79.89862466666666,6.795546999999999,1739438876,N,865209069519313,4db8e093-a366-437b-bb9b-55b017cf9f53
E,79.89867166666667,6.795539166666667,1739438906,N,865209069519313,4db8e093-a366-437b-bb9b-55b017cf9f53
E,79.89866816666667,6.795539833333334,1739438936,N,865209069519313,4db8e093-a366-437b-bb9b-55b017cf9f53
E,79.89867233333332,6.795539666666667,1739438966,N,865209069519313,4db8e093-a366-437b-bb9b-55b017cf9f53
E,79.89867216666667,6.795539333333333,1739438997,N,865209069519313,4db8e093-a366-437b-bb9b-55b017cf9f53
E,79.89867233333332,6.795540333333334,1739439027,N,865209069519313,4db8e093-a366-437b-bb9b-55b017cf9f53
E,79.89867383333333,6.795538499999999,1739439057,N,865209069519313,4db8e093-a366-437b-bb9b-55b017cf9f53
E,79.89380200000001,6.796839833333333,1739439398,N,865209069519313,4db8e093-a366-437b-bb9b-55b017cf9f53
E,79.89179383333334,6.797625166666667,1739439429,N,865209069519313,4db8e093-a366-437b-bb9b-55b017cf9f53
E,79.88977666666668,6.7975865,1739439459,N,865209069519313,4db8e093-a366-437b-bb9b-55b017cf9f53
E,79.88877483333334,6.797377333333332,1739439489,N,865209069519313,4db8e093-a366-437b-bb9b-55b017cf9f53
E,79.88736416666669,6.793815166666667,1739439533,N,865209069519313,4db8e093-a366-437b-bb9b-55b017cf9f53
E,79.8863055,6.791014333333334,1739439563,N,865209069519313,4db8e093-a366-437b-bb9b-55b017cf9f53
E,79.88526583333334,6.788453166666667,1739439594,N,865209069519313,4db8e093-a366-437b-bb9b-55b017cf9f53
E,79.8846425,6.78596,1739439624,N,865209069519313,4db8e093-a366-437b-bb9b-55b017cf9f53
E,79.88457083333333,6.785120666666668,1739439654,N,865209069519313,4db8e093-a366-437b-bb9b-55b017cf9f53
E,79.88407016666667,6.782273500000001,1739439684,N,865209069519313,4db8e093-a366-437b-bb9b-55b017cf9f53
E,79.88317983333333,6.779439166666666,1739439714,N,865209069519313,4db8e093-a366-437b-bb9b-55b017cf9f53
E,79.88320999999999,6.777282166666667,1739439747,N,865209069519313,4db8e093-a366-437b-bb9b-55b017cf9f53
E,79.88326883333335,6.777087666666667,1739439777,N,865209069519313,4db8e093-a366-437b-bb9b-55b017cf9f53
E,79.88326533333336,6.777089333333334,1739439807,N,865209069519313,4db8e093-a366-437b-bb9b-55b017cf9f53
E,79.88326583333334,6.777091166666666,1739439837,N,865209069519313,4db8e093-a366-437b-bb9b-55b017cf9f53
E,79.88326833333333,6.777093833333334,1739439867,N,865209069519313,4db8e093-a366-437b-bb9b-55b017cf9f53
E,79.88326933333333,6.777094333333334,1739439897,N,865209069519313,4db8e093-a366-437b-bb9b-55b017cf9f53
E,79.88341233333334,6.776401499999999,1739440090,N,865209069519313,4db8e093-a366-437b-bb9b-55b017cf9f53
E,79.88398133333334,6.775117999999999,1739440120,N,865209069519313,4db8e093-a366-437b-bb9b-55b017cf9f53
E,79.88430450000001,6.774174666666666,1739440151,N,865209069519313,4db8e093-a366-437b-bb9b-55b017cf9f53
E,79.88533883333334,6.771793833333334,1739440195,N,865209069519313,4db8e093-a366-437b-bb9b-55b017cf9f53
E,79.88530133333335,6.771724499999999,1739440225,N,865209069519313,4db8e093-a366-437b-bb9b-55b017cf9f53
E,79.88538133333333,6.7715105,1739440255,N,865209069519313,4db8e093-a366-437b-bb9b-55b017cf9f53
E,79.8848725,6.772609500000001,1739440287,N,865209069519313,4db8e093-a366-437b-bb9b-55b017cf9f53
E,79.88488316666667,6.772609500000001,1739440317,N,865209069519313,4db8e093-a366-437b-bb9b-55b017cf9f53
E,79.88488333333333,6.772607166666667,1739440347,N,865209069519313,4db8e093-a366-437b-bb9b-55b017cf9f53
E,79.88488133333334,6.772603166666666,1739440377,N,865209069519313,4db8e093-a366-437b-bb9b-55b017cf9f53
E,79.88487716666667,6.772600166666666,1739440407,N,865209069519313,4db8e093-a366-437b-bb9b-55b017cf9f53
E,79.885327,6.771798333333334,1739440437,N,865209069519313,4db8e093-a366-437b-bb9b-55b017cf9f53
E,79.884586,6.771322833333333,1739440468,N,865209069519313,4db8e093-a366-437b-bb9b-55b017cf9f53
E,79.88345516666666,6.770988333333334,1739440498,N,865209069519313,4db8e093-a366-437b-bb9b-55b017cf9f53
E,79.88318933333333,6.769396166666667,1739440528,N,865209069519313,4db8e093-a366-437b-bb9b-55b017cf9f53
E,79.883464,6.766752166666667,1739440559,N,865209069519313,4db8e093-a366-437b-bb9b-55b017cf9f53
E,79.88409866666666,6.764633833333333,1739440589,N,865209069519313,4db8e093-a366-437b-bb9b-55b017cf9f53
E,79.88479900000002,6.762626166666666,1739440619,N,865209069519313,4db8e093-a366-437b-bb9b-55b017cf9f53
E,79.885192,6.761883999999999,1739440650,N,865209069519313,4db8e093-a366-437b-bb9b-55b017cf9f53
E,79.885211,6.761973,1739440680,N,865209069519313,4db8e093-a366-437b-bb9b-55b017cf9f53
E,79.88521266666666,6.761979166666666,1739440710,N,865209069519313,4db8e093-a366-437b-bb9b-55b017cf9f53
E,79.88521383333334,6.761978166666667,1739440740,N,865209069519313,4db8e093-a366-437b-bb9b-55b017cf9f53
E,79.88521550000002,6.761977,1739440770,N,865209069519313,4db8e093-a366-437b-bb9b-55b017cf9f53
E,79.88521683333333,6.7619785,1739440800,N,865209069519313,4db8e093-a366-437b-bb9b-55b017cf9f53
E,79.88313966666666,6.768438,1739441359,N,865209069519313,4db8e093-a366-437b-bb9b-55b017cf9f53
E,79.88310016666667,6.771001833333334,1739441389,N,865209069519313,4db8e093-a366-437b-bb9b-55b017cf9f53
E,79.88280733333333,6.773323166666668,1739441419,N,865209069519313,4db8e093-a366-437b-bb9b-55b017cf9f53
E,79.88261133333334,6.774404000000001,1739441449,N,865209069519313,4db8e093-a366-437b-bb9b-55b017cf9f53
E,79.883525,6.774991333333332,1739441482,N,865209069519313,4db8e093-a366-437b-bb9b-55b017cf9f53
E,79.88346750000002,6.776043833333333,1739441513,N,865209069519313,4db8e093-a366-437b-bb9b-55b017cf9f53
E,79.88334166666667,6.7760055,1739441544,N,865209069519313,4db8e093-a366-437b-bb9b-55b017cf9f53
E,79.88340516666668,6.775985333333334,1739441574,N,865209069519313,4db8e093-a366-437b-bb9b-55b017cf9f53
E,79.88342383333334,6.7759725,1739441604,N,865209069519313,4db8e093-a366-437b-bb9b-55b017cf9f53
E,79.88343083333334,6.775977166666666,1739441634,N,865209069519313,4db8e093-a366-437b-bb9b-55b017cf9f53
E,79.8834335,6.775977499999999,1739441664,N,865209069519313,4db8e093-a366-437b-bb9b-55b017cf9f53
E,79.883436,6.775975833333333,1739441695,N,865209069519313,4db8e093-a366-437b-bb9b-55b017cf9f53
E,79.88307266666668,6.775878000000001,1739441725,N,865209069519313,4db8e093-a366-437b-bb9b-55b017cf9f53
E,79.88259500000002,6.774740333333334,1739441755,N,865209069519313,4db8e093-a366-437b-bb9b-55b017cf9f53
E,79.88218983333333,6.775058166666668,1739441785,N,865209069519313,4db8e093-a366-437b-bb9b-55b017cf9f53
E,79.88204166666667,6.775298166666666,1739441815,N,865209069519313,4db8e093-a366-437b-bb9b-55b017cf9f53
E,79.88225466666667,6.7748955,1739441845,N,865209069519313,4db8e093-a366-437b-bb9b-55b017cf9f53
E,79.88233416666667,6.774582666666667,1739441875,N,865209069519313,4db8e093-a366-437b-bb9b-55b017cf9f53
E,79.8823895,6.774540833333333,1739441906,N,865209069519313,4db8e093-a366-437b-bb9b-55b017cf9f53
E,79.88240066666667,6.774540333333334,1739441936,N,865209069519313,4db8e093-a366-437b-bb9b-55b017cf9f53
E,79.88240900000001,6.774538833333335,1739441966,N,865209069519313,4db8e093-a366-437b-bb9b-55b017cf9f53
E,79.88284033333333,6.773273000000001,1739441996,N,865209069519313,4db8e093-a366-437b-bb9b-55b017cf9f53
E,79.88273766666666,6.773265833333333,1739442026,N,865209069519313,4db8e093-a366-437b-bb9b-55b017cf9f53
E,79.88272866666667,6.773286166666666,1739442058,N,865209069519313,4db8e093-a366-437b-bb9b-55b017cf9f53
E,79.88272583333334,6.773286166666666,1739442089,N,865209069519313,4db8e093-a366-437b-bb9b-55b017cf9f53
E,79.88272766666667,6.7732885,1739442119,N,865209069519313,4db8e093-a366-437b-bb9b-55b017cf9f53
E,79.88272716666668,6.773290333333334,1739442149,N,865209069519313,4db8e093-a366-437b-bb9b-55b017cf9f53
E,79.88272566666666,6.773292,1739442179,N,865209069519313,4db8e093-a366-437b-bb9b-55b017cf9f53
E,79.88241599999999,6.775594666666666,1739442307,N,865209069519313,4db8e093-a366-437b-bb9b-55b017cf9f53
E,79.88225883333332,6.776949666666667,1739442337,N,865209069519313,4db8e093-a366-437b-bb9b-55b017cf9f53
E,79.88272800000001,6.778997166666667,1739442367,N,865209069519313,4db8e093-a366-437b-bb9b-55b017cf9f53
E,79.88282966666667,6.779326333333334,1739442397,N,865209069519313,4db8e093-a366-437b-bb9b-55b017cf9f53
E,79.883619,6.781189666666667,1739442427,N,865209069519313,4db8e093-a366-437b-bb9b-55b017cf9f53
E,79.8850605,6.788280833333332,1739442513,N,865209069519313,4db8e093-a366-437b-bb9b-55b017cf9f53
E,79.88618316666665,6.790919499999999,1739442544,N,865209069519313,4db8e093-a366-437b-bb9b-55b017cf9f53
E,79.88721600000002,6.7936225,1739442574,N,865209069519313,4db8e093-a366-437b-bb9b-55b017cf9f53
E,79.88830833333333,6.796411000000001,1739442604,N,865209069519313,4db8e093-a366-437b-bb9b-55b017cf9f53
E,79.8885425,6.797390666666667,1739442648,N,865209069519313,4db8e093-a366-437b-bb9b-55b017cf9f53
E,79.88954566666666,6.797607333333334,1739442691,N,865209069519313,4db8e093-a366-437b-bb9b-55b017cf9f53
E,79.88954516666666,6.797585666666667,1739442722,N,865209069519313,4db8e093-a366-437b-bb9b-55b017cf9f53
E,79.89029533333334,6.797700833333333,1739442752,N,865209069519313,4db8e093-a366-437b-bb9b-55b017cf9f53
E,79.89317983333333,6.7971085,1739442782,N,865209069519313,4db8e093-a366-437b-bb9b-55b017cf9f53
E,79.89577916666669,6.796371333333333,1739442812,N,865209069519313,4db8e093-a366-437b-bb9b-55b017cf9f53
E,79.89792933333334,6.795736,1739442842,N,865209069519313,4db8e093-a366-437b-bb9b-55b017cf9f53
E,79.89863466666667,6.795533499999999,1739442873,N,865209069519313,4db8e093-a366-437b-bb9b-55b017cf9f53
E,79.89861916666668,6.795536833333333,1739442904,N,865209069519313,4db8e093-a366-437b-bb9b-55b017cf9f53
E,79.89861616666667,6.795536499999999,1739442934,N,865209069519313,4db8e093-a366-437b-bb9b-55b017cf9f53
E,79.8986155,6.795537166666666,1739442964,N,865209069519313,4db8e093-a366-437b-bb9b-55b017cf9f53
E,79.89861433333336,6.795538833333334,1739442994,N,865209069519313,4db8e093-a366-437b-bb9b-55b017cf9f53
E,79.89861483333335,6.795538499999999,1739443024,N,865209069519313,4db8e093-a366-437b-bb9b-55b017cf9f53
E,79.89622316666669,6.796186833333334,1739443233,N,865209069519313,4db8e093-a366-437b-bb9b-55b017cf9f53
E,79.89629316666667,6.796075500000001,1739443263,N,865209069519313,4db8e093-a366-437b-bb9b-55b017cf9f53
E,79.89630333333334,6.796063999999999,1739443294,N,865209069519313,4db8e093-a366-437b-bb9b-55b017cf9f53
E,79.89629966666666,6.796050666666668,1739443325,N,865209069519313,4db8e093-a366-437b-bb9b-55b017cf9f53
E,79.896301,6.7960505,1739443355,N,865209069519313,4db8e093-a366-437b-bb9b-55b017cf9f53
E,79.89630050000001,6.7960465,1739443385,N,865209069519313,4db8e093-a366-437b-bb9b-55b017cf9f53
E,79.89630216666666,6.796485,1739443613,N,865209069519313,4db8e093-a366-437b-bb9b-55b017cf9f53
E,79.89748516666667,6.795891833333333,1739443643,N,865209069519313,4db8e093-a366-437b-bb9b-55b017cf9f53
E,79.89868116666668,6.795579333333334,1739443673,N,865209069519313,4db8e093-a366-437b-bb9b-55b017cf9f53
E,79.89868299999999,6.795587166666667,1739443703,N,865209069519313,4db8e093-a366-437b-bb9b-55b017cf9f53
E,79.89868083333334,6.795546833333333,1739443734,N,865209069519313,4db8e093-a366-437b-bb9b-55b017cf9f53
E,79.89868033333335,6.795546333333334,1739443764,N,865209069519313,4db8e093-a366-437b-bb9b-55b017cf9f53
E,79.8986785,6.795542,1739443794,N,865209069519313,4db8e093-a366-437b-bb9b-55b017cf9f53
E,79.89867716666666,6.795541333333333,1739443824,N,865209069519313,4db8e093-a366-437b-bb9b-55b017cf9f53
E,79.89368916666668,6.7968195,1739445362,N,865209069519313,4db8e093-a366-437b-bb9b-55b017cf9f53
E,79.89174899999999,6.797628,1739445392,N,865209069519313,4db8e093-a366-437b-bb9b-55b017cf9f53
E,79.88978166666668,6.797590166666667,1739445423,N,865209069519313,4db8e093-a366-437b-bb9b-55b017cf9f53
E,79.889182,6.797597,1739445453,N,865209069519313,4db8e093-a366-437b-bb9b-55b017cf9f53
E,79.8891825,6.797576166666666,1739445483,N,865209069519313,4db8e093-a366-437b-bb9b-55b017cf9f53
E,79.88917983333334,6.797563833333333,1739445513,N,865209069519313,4db8e093-a366-437b-bb9b-55b017cf9f53
E,79.889176,6.797558666666667,1739445543,N,865209069519313,4db8e093-a366-437b-bb9b-55b017cf9f53
E,79.88917383333334,6.797554166666667,1739445576,N,865209069519313,4db8e093-a366-437b-bb9b-55b017cf9f53
E,79.88917233333333,6.797550833333334,1739445606,N,865209069519313,4db8e093-a366-437b-bb9b-55b017cf9f53
E,79.8895446666667,6.797583833333334,1739445636,N,865209069519313,4db8e093-a366-437b-bb9b-55b017cf9f53
E,79.89153733333335,6.797743666666666,1739445666,N,865209069519313,4db8e093-a366-437b-bb9b-55b017cf9f53
E,79.89378916666666,6.796871333333333,1739445696,N,865209069519313,4db8e093-a366-437b-bb9b-55b017cf9f53
E,79.89624333333333,6.796270500000001,1739445727,N,865209069519313,4db8e093-a366-437b-bb9b-55b017cf9f53
E,79.89834516666666,6.795642833333333,1739445757,N,865209069519313,4db8e093-a366-437b-bb9b-55b017cf9f53
E,79.89861850000001,6.795540666666667,1739445787,N,865209069519313,4db8e093-a366-437b-bb9b-55b017cf9f53
E,79.89861466666667,6.795543333333335,1739445818,N,865209069519313,4db8e093-a366-437b-bb9b-55b017cf9f53
E,79.89861250000001,6.795545499999999,1739445848,N,865209069519313,4db8e093-a366-437b-bb9b-55b017cf9f53
E,79.89860783333333,6.795543833333333,1739445878,N,865209069519313,4db8e093-a366-437b-bb9b-55b017cf9f53
E,79.89860466666667,6.795543500000001,1739445909,N,865209069519313,4db8e093-a366-437b-bb9b-55b017cf9f53
E,79.90072633333332,6.7946335,1739446888,N,865209069519313,4db8e093-a366-437b-bb9b-55b017cf9f53
E,79.90068333333333,6.794685,1739446918,N,865209069519313,4db8e093-a366-437b-bb9b-55b017cf9f53
E,79.90064683333334,6.794050499999999,1739446949,N,865209069519313,4db8e093-a366-437b-bb9b-55b017cf9f53
E,79.90070883333333,6.794576666666668,1739446979,N,865209069519313,4db8e093-a366-437b-bb9b-55b017cf9f53
E,79.89884066666669,6.795525,1739447009,N,865209069519313,4db8e093-a366-437b-bb9b-55b017cf9f53
E,79.8986295,6.795516333333334,1739447039,N,865209069519313,4db8e093-a366-437b-bb9b-55b017cf9f53
E,79.89862366666667,6.795522833333333,1739447070,N,865209069519313,4db8e093-a366-437b-bb9b-55b017cf9f53
E,79.8986235,6.7955295,1739447100,N,865209069519313,4db8e093-a366-437b-bb9b-55b017cf9f53
E,79.89861416666668,6.795533000000001,1739447130,N,865209069519313,4db8e093-a366-437b-bb9b-55b017cf9f53
E,79.89860466666667,6.795545666666667,1739447160,N,865209069519313,4db8e093-a366-437b-bb9b-55b017cf9f53
E,79.89721833333333,6.795922,1739447190,N,865209069519313,4db8e093-a366-437b-bb9b-55b017cf9f53
E,79.89520233333334,6.796450666666668,1739447220,N,865209069519313,4db8e093-a366-437b-bb9b-55b017cf9f53
E,79.89279133333334,6.797255833333333,1739447251,N,865209069519313,4db8e093-a366-437b-bb9b-55b017cf9f53
E,79.890181,6.797660166666667,1739447281,N,865209069519313,4db8e093-a366-437b-bb9b-55b017cf9f53
E,79.88886066666667,6.797397666666666,1739447311,N,865209069519313,4db8e093-a366-437b-bb9b-55b017cf9f53
E,79.88806816666667,6.79541,1739447341,N,865209069519313,4db8e093-a366-437b-bb9b-55b017cf9f53
E,79.88713483333332,6.793200833333333,1739447371,N,865209069519313,4db8e093-a366-437b-bb9b-55b017cf9f53
E,79.88624033333333,6.790779,1739447401,N,865209069519313,4db8e093-a366-437b-bb9b-55b017cf9f53
E,79.88554916666666,6.789020666666666,1739447432,N,865209069519313,4db8e093-a366-437b-bb9b-55b017cf9f53
E,79.88535266666666,6.787893,1739447462,N,865209069519313,4db8e093-a366-437b-bb9b-55b017cf9f53
E,79.88536533333333,6.787896000000001,1739447492,N,865209069519313,4db8e093-a366-437b-bb9b-55b017cf9f53
E,79.88537183333332,6.787897500000001,1739447522,N,865209069519313,4db8e093-a366-437b-bb9b-55b017cf9f53
E,79.88538066666668,6.7879025,1739447552,N,865209069519313,4db8e093-a366-437b-bb9b-55b017cf9f53
E,79.88537966666667,6.787905666666667,1739447582,N,865209069519313,4db8e093-a366-437b-bb9b-55b017cf9f53
E,79.885377,6.787904166666667,1739447613,N,865209069519313,4db8e093-a366-437b-bb9b-55b017cf9f53
E,79.885169,6.787997166666666,1739447643,N,865209069519313,4db8e093-a366-437b-bb9b-55b017cf9f53
E,79.88571700000001,6.789674666666667,1739447674,N,865209069519313,4db8e093-a366-437b-bb9b-55b017cf9f53
E,79.88665816666666,6.7921345,1739447704,N,865209069519313,4db8e093-a366-437b-bb9b-55b017cf9f53
E,79.88774333333335,6.794917999999999,1739447734,N,865209069519313,4db8e093-a366-437b-bb9b-55b017cf9f53
E,79.88850800000002,6.797862833333333,1739447764,N,865209069519313,4db8e093-a366-437b-bb9b-55b017cf9f53
E,79.88857316666667,6.798642833333334,1739447794,N,865209069519313,4db8e093-a366-437b-bb9b-55b017cf9f53
E,79.8886975,6.798286,1739447824,N,865209069519313,4db8e093-a366-437b-bb9b-55b017cf9f53
E,79.88869950000002,6.798280833333333,1739447854,N,865209069519313,4db8e093-a366-437b-bb9b-55b017cf9f53
E,79.88870433333334,6.798271833333333,1739447885,N,865209069519313,4db8e093-a366-437b-bb9b-55b017cf9f53
E,79.88870583333335,6.798270166666667,1739447917,N,865209069519313,4db8e093-a366-437b-bb9b-55b017cf9f53
E,79.88873033333333,6.798295333333334,1739447947,N,865209069519313,4db8e093-a366-437b-bb9b-55b017cf9f53
E,79.890297,6.799199000000001,1739447977,N,865209069519313,4db8e093-a366-437b-bb9b-55b017cf9f53
E,79.8920216666667,6.800170166666668,1739448008,N,865209069519313,4db8e093-a366-437b-bb9b-55b017cf9f53
E,79.89241016666666,6.799029,1739448038,N,865209069519313,4db8e093-a366-437b-bb9b-55b017cf9f53
E,79.892259,6.798077333333334,1739448068,N,865209069519313,4db8e093-a366-437b-bb9b-55b017cf9f53
E,79.8922595,6.797982,1739448098,N,865209069519313,4db8e093-a366-437b-bb9b-55b017cf9f53
E,79.89270650000002,6.797351166666665,1739448129,N,865209069519313,4db8e093-a366-437b-bb9b-55b017cf9f53
E,79.89270616666666,6.797344333333332,1739448160,N,865209069519313,4db8e093-a366-437b-bb9b-55b017cf9f53
E,79.8907695,6.797756500000001,1739448190,N,865209069519313,4db8e093-a366-437b-bb9b-55b017cf9f53
E,79.89078466666666,6.797738166666666,1739448220,N,865209069519313,4db8e093-a366-437b-bb9b-55b017cf9f53
E,79.89079916666667,6.7977455,1739448250,N,865209069519313,4db8e093-a366-437b-bb9b-55b017cf9f53
E,79.8908,6.797752000000001,1739448280,N,865209069519313,4db8e093-a366-437b-bb9b-55b017cf9f53
E,79.89079749999999,6.797759333333333,1739448310,N,865209069519313,4db8e093-a366-437b-bb9b-55b017cf9f53
E,79.8907955,6.797764000000001,1739448340,N,865209069519313,4db8e093-a366-437b-bb9b-55b017cf9f53
E,79.89572233333334,6.7964115,1739448678,N,865209069519313,4db8e093-a366-437b-bb9b-55b017cf9f53
E,79.898242,6.795696166666666,1739448708,N,865209069519313,4db8e093-a366-437b-bb9b-55b017cf9f53
E,79.89867866666668,6.795538499999999,1739448739,N,865209069519313,4db8e093-a366-437b-bb9b-55b017cf9f53
E,79.89867316666667,6.795532166666668,1739448769,N,865209069519313,4db8e093-a366-437b-bb9b-55b017cf9f53
E,79.89867583333333,6.795531666666666,1739448799,N,865209069519313,4db8e093-a366-437b-bb9b-55b017cf9f53
E,79.898677,6.795528333333334,1739448829,N,865209069519313,4db8e093-a366-437b-bb9b-55b017cf9f53
E,79.89867350000002,6.795528,1739448859,N,865209069519313,4db8e093-a366-437b-bb9b-55b017cf9f53
E,79.89867316666667,6.795529333333334,1739448891,N,865209069519313,4db8e093-a366-437b-bb9b-55b017cf9f53
E,79.89542883333336,6.796375333333333,1739455183,N,865209069519313,4db8e093-a366-437b-bb9b-55b017cf9f53
E,79.89537616666667,6.796391333333334,1739455213,N,865209069519313,4db8e093-a366-437b-bb9b-55b017cf9f53
E,79.89355183333333,6.796880000000001,1739455243,N,865209069519313,4db8e093-a366-437b-bb9b-55b017cf9f53
E,79.89247116666667,6.797432166666666,1739455274,N,865209069519313,4db8e093-a366-437b-bb9b-55b017cf9f53
E,79.89228066666666,6.798017666666667,1739455304,N,865209069519313,4db8e093-a366-437b-bb9b-55b017cf9f53
E,79.89246433333332,6.799068500000001,1739455334,N,865209069519313,4db8e093-a366-437b-bb9b-55b017cf9f53
E,79.89214583333334,6.8001105,1739455364,N,865209069519313,4db8e093-a366-437b-bb9b-55b017cf9f53
E,79.89266783333333,6.800238666666667,1739455394,N,865209069519313,4db8e093-a366-437b-bb9b-55b017cf9f53
E,79.89359333333333,6.799851333333334,1739455425,N,865209069519313,4db8e093-a366-437b-bb9b-55b017cf9f53
E,79.89360266666667,6.799832833333333,1739455455,N,865209069519313,4db8e093-a366-437b-bb9b-55b017cf9f53
E,79.89361000000001,6.799820333333334,1739455485,N,865209069519313,4db8e093-a366-437b-bb9b-55b017cf9f53
E,79.89361950000001,6.799812166666667,1739455515,N,865209069519313,4db8e093-a366-437b-bb9b-55b017cf9f53
E,79.89362583333333,6.799816833333334,1739455545,N,865209069519313,4db8e093-a366-437b-bb9b-55b017cf9f53
E,79.89363166666666,6.8000455,1739455575,N,865209069519313,4db8e093-a366-437b-bb9b-55b017cf9f53
E,79.89221566666669,6.8002495,1739455606,N,865209069519313,4db8e093-a366-437b-bb9b-55b017cf9f53
E,79.890347,6.799200333333332,1739455636,N,865209069519313,4db8e093-a366-437b-bb9b-55b017cf9f53
E,79.888663,6.798249999999999,1739455666,N,865209069519313,4db8e093-a366-437b-bb9b-55b017cf9f53
E,79.88864650000001,6.798233666666666,1739455696,N,865209069519313,4db8e093-a366-437b-bb9b-55b017cf9f53
E,79.88863716666668,6.798239166666667,1739455726,N,865209069519313,4db8e093-a366-437b-bb9b-55b017cf9f53
E,79.88852466666668,6.7988065,1739455756,N,865209069519313,4db8e093-a366-437b-bb9b-55b017cf9f53
E,79.8882145,6.801210333333334,1739455786,N,865209069519313,4db8e093-a366-437b-bb9b-55b017cf9f53
E,79.88839916666667,6.800792166666668,1739455817,N,865209069519313,4db8e093-a366-437b-bb9b-55b017cf9f53
E,79.88980216666667,6.801220833333334,1739455847,N,865209069519313,4db8e093-a366-437b-bb9b-55b017cf9f53
E,79.89159283333333,6.802621333333334,1739455877,N,865209069519313,4db8e093-a366-437b-bb9b-55b017cf9f53
E,79.89141783333334,6.803262166666667,1739455907,N,865209069519313,4db8e093-a366-437b-bb9b-55b017cf9f53
E,79.89141249999999,6.803266333333333,1739455937,N,865209069519313,4db8e093-a366-437b-bb9b-55b017cf9f53
E,79.89140750000001,6.803268833333334,1739455967,N,865209069519313,4db8e093-a366-437b-bb9b-55b017cf9f53
E,79.891407,6.803269833333333,1739455997,N,865209069519313,4db8e093-a366-437b-bb9b-55b017cf9f53
E,79.891406,6.803270833333332,1739456027,N,865209069519313,4db8e093-a366-437b-bb9b-55b017cf9f53
E,79.89140266666666,6.803273,1739456058,N,865209069519313,4db8e093-a366-437b-bb9b-55b017cf9f53
E,79.891537,6.802605999999999,1739456088,N,865209069519313,4db8e093-a366-437b-bb9b-55b017cf9f53
E,79.89041166666667,6.8017275,1739456118,N,865209069519313,4db8e093-a366-437b-bb9b-55b017cf9f53
E,79.88931566666666,6.800822833333332,1739456148,N,865209069519313,4db8e093-a366-437b-bb9b-55b017cf9f53
E,79.88848383333334,6.799942166666667,1739456178,N,865209069519313,4db8e093-a366-437b-bb9b-55b017cf9f53
E,79.88827583333334,6.800784,1739456208,N,865209069519313,4db8e093-a366-437b-bb9b-55b017cf9f53
E,79.88730983333333,6.803455,1739456239,N,865209069519313,4db8e093-a366-437b-bb9b-55b017cf9f53
E,79.88675433333333,6.804498333333333,1739456269,N,865209069519313,4db8e093-a366-437b-bb9b-55b017cf9f53
E,79.88511016666666,6.806092,1739456299,N,865209069519313,4db8e093-a366-437b-bb9b-55b017cf9f53
E,79.8838915,6.8081555,1739456329,N,865209069519313,4db8e093-a366-437b-bb9b-55b017cf9f53
E,79.88326533333336,6.809381500000001,1739456359,N,865209069519313,4db8e093-a366-437b-bb9b-55b017cf9f53
E,79.8825845,6.810446999999999,1739456389,N,865209069519313,4db8e093-a366-437b-bb9b-55b017cf9f53
E,79.88081416666667,6.812759333333334,1739456420,N,865209069519313,4db8e093-a366-437b-bb9b-55b017cf9f53
E,79.878876,6.814619666666665,1739456450,N,865209069519313,4db8e093-a366-437b-bb9b-55b017cf9f53
E,79.87716016666667,6.815889499999999,1739456480,N,865209069519313,4db8e093-a366-437b-bb9b-55b017cf9f53
E,79.87536100000003,6.8172155,1739456510,N,865209069519313,4db8e093-a366-437b-bb9b-55b017cf9f53
E,79.87380816666668,6.819258333333333,1739456540,N,865209069519313,4db8e093-a366-437b-bb9b-55b017cf9f53
E,79.8753095,6.820484499999999,1739456570,N,865209069519313,4db8e093-a366-437b-bb9b-55b017cf9f53
E,79.87785166666666,6.821917666666667,1739456601,N,865209069519313,4db8e093-a366-437b-bb9b-55b017cf9f53
E,79.88010283333332,6.823180833333334,1739456631,N,865209069519313,4db8e093-a366-437b-bb9b-55b017cf9f53
E,79.88164316666666,6.824396833333333,1739456661,N,865209069519313,4db8e093-a366-437b-bb9b-55b017cf9f53
E,79.88138033333333,6.826277833333334,1739456691,N,865209069519313,4db8e093-a366-437b-bb9b-55b017cf9f53
E,79.88109250000001,6.828553833333332,1739456721,N,865209069519313,4db8e093-a366-437b-bb9b-55b017cf9f53
E,79.88081666666668,6.830804000000001,1739456751,N,865209069519313,4db8e093-a366-437b-bb9b-55b017cf9f53
E,79.8806265,6.832251166666667,1739456781,N,865209069519313,4db8e093-a366-437b-bb9b-55b017cf9f53
E,79.88033983333334,6.834603,1739456811,N,865209069519313,4db8e093-a366-437b-bb9b-55b017cf9f53
E,79.880526,6.836110333333333,1739456841,N,865209069519313,4db8e093-a366-437b-bb9b-55b017cf9f53
E,79.88137183333333,6.8367685,1739456872,N,865209069519313,4db8e093-a366-437b-bb9b-55b017cf9f53
E,79.88159283333333,6.838423000000001,1739456902,N,865209069519313,4db8e093-a366-437b-bb9b-55b017cf9f53
E,79.88173466666667,6.839772166666667,1739456932,N,865209069519313,4db8e093-a366-437b-bb9b-55b017cf9f53
E,79.88065516666667,6.839655666666665,1739456962,N,865209069519313,4db8e093-a366-437b-bb9b-55b017cf9f53
E,79.88066016666669,6.839673166666667,1739456992,N,865209069519313,4db8e093-a366-437b-bb9b-55b017cf9f53
E,79.88064433333334,6.839686,1739457022,N,865209069519313,4db8e093-a366-437b-bb9b-55b017cf9f53
E,79.880639,6.839689499999999,1739457053,N,865209069519313,4db8e093-a366-437b-bb9b-55b017cf9f53
E,79.88064166666668,6.839687166666666,1739457083,N,865209069519313,4db8e093-a366-437b-bb9b-55b017cf9f53
E,79.88064133333334,6.839686,1739457113,N,865209069519313,4db8e093-a366-437b-bb9b-55b017cf9f53
E,79.88149766666668,6.838297833333333,1739458565,N,865209069519313,4db8e093-a366-437b-bb9b-55b017cf9f53
E,79.88135666666668,6.836723333333333,1739458595,N,865209069519313,4db8e093-a366-437b-bb9b-55b017cf9f53
E,79.88019433333334,6.8358805,1739458625,N,865209069519313,4db8e093-a366-437b-bb9b-55b017cf9f53
E,79.88056033333334,6.833166833333333,1739458655,N,865209069519313,4db8e093-a366-437b-bb9b-55b017cf9f53
E,79.88077666666666,6.831394666666667,1739458686,N,865209069519313,4db8e093-a366-437b-bb9b-55b017cf9f53
E,79.88108116666668,6.828862833333333,1739458716,N,865209069519313,4db8e093-a366-437b-bb9b-55b017cf9f53
E,79.88140083333334,6.826338500000001,1739458746,N,865209069519313,4db8e093-a366-437b-bb9b-55b017cf9f53
E,79.88166849999999,6.824143666666667,1739458776,N,865209069519313,4db8e093-a366-437b-bb9b-55b017cf9f53
E,79.87969683333334,6.822920333333333,1739458807,N,865209069519313,4db8e093-a366-437b-bb9b-55b017cf9f53
E,79.87709100000001,6.821443333333334,1739458837,N,865209069519313,4db8e093-a366-437b-bb9b-55b017cf9f53
E,79.87490566666666,6.820215166666666,1739458867,N,865209069519313,4db8e093-a366-437b-bb9b-55b017cf9f53
E,79.87517,6.817479333333334,1739458911,N,865209069519313,4db8e093-a366-437b-bb9b-55b017cf9f53
E,79.8775195,6.815695666666667,1739458941,N,865209069519313,4db8e093-a366-437b-bb9b-55b017cf9f53
E,79.878239,6.815190333333334,1739458972,N,865209069519313,4db8e093-a366-437b-bb9b-55b017cf9f53
E,79.87929033333334,6.814406666666668,1739459003,N,865209069519313,4db8e093-a366-437b-bb9b-55b017cf9f53
E,79.88139616666668,6.812213000000001,1739459033,N,865209069519313,4db8e093-a366-437b-bb9b-55b017cf9f53
E,79.88284266666668,6.810105166666666,1739459063,N,865209069519313,4db8e093-a366-437b-bb9b-55b017cf9f53
E,79.88234616666666,6.8094815,1739459093,N,865209069519313,4db8e093-a366-437b-bb9b-55b017cf9f53
E,79.88233866666666,6.809493833333333,1739459124,N,865209069519313,4db8e093-a366-437b-bb9b-55b017cf9f53
E,79.88233333333334,6.809491333333334,1739459154,N,865209069519313,4db8e093-a366-437b-bb9b-55b017cf9f53
E,79.88233183333334,6.809490666666666,1739459184,N,865209069519313,4db8e093-a366-437b-bb9b-55b017cf9f53
E,79.8823295,6.809491000000001,1739459214,N,865209069519313,4db8e093-a366-437b-bb9b-55b017cf9f53
E,79.882326,6.809489666666667,1739459244,N,865209069519313,4db8e093-a366-437b-bb9b-55b017cf9f53
E,79.8823215,6.809488000000001,1739459274,N,865209069519313,4db8e093-a366-437b-bb9b-55b017cf9f53
E,79.88278416666667,6.809733999999999,1739459304,N,865209069519313,4db8e093-a366-437b-bb9b-55b017cf9f53
E,79.88283266666667,6.809763833333333,1739459334,N,865209069519313,4db8e093-a366-437b-bb9b-55b017cf9f53
E,79.8842175,6.807714166666667,1739459365,N,865209069519313,4db8e093-a366-437b-bb9b-55b017cf9f53
E,79.88526183333335,6.806077666666666,1739459395,N,865209069519313,4db8e093-a366-437b-bb9b-55b017cf9f53
E,79.88588283333335,6.805529333333334,1739459425,N,865209069519313,4db8e093-a366-437b-bb9b-55b017cf9f53
E,79.88676066666667,6.8047595,1739459455,N,865209069519313,4db8e093-a366-437b-bb9b-55b017cf9f53
E,79.88918566666666,6.805975833333334,1739459485,N,865209069519313,4db8e093-a366-437b-bb9b-55b017cf9f53
E,79.89171383333336,6.807399166666666,1739459515,N,865209069519313,4db8e093-a366-437b-bb9b-55b017cf9f53
E,79.89255150000002,6.806824000000001,1739459545,N,865209069519313,4db8e093-a366-437b-bb9b-55b017cf9f53
E,79.89321416666667,6.806534166666667,1739459576,N,865209069519313,4db8e093-a366-437b-bb9b-55b017cf9f53
E,79.89410933333335,6.8061915,1739459606,N,865209069519313,4db8e093-a366-437b-bb9b-55b017cf9f53
E,79.89472616666667,6.805272,1739459636,N,865209069519313,4db8e093-a366-437b-bb9b-55b017cf9f53
E,79.89559866666667,6.805543,1739459666,N,865209069519313,4db8e093-a366-437b-bb9b-55b017cf9f53
E,79.89662333333334,6.805747333333333,1739459696,N,865209069519313,4db8e093-a366-437b-bb9b-55b017cf9f53
E,79.89659700000001,6.805737666666666,1739459726,N,865209069519313,4db8e093-a366-437b-bb9b-55b017cf9f53
E,79.89659066666667,6.805724666666666,1739459757,N,865209069519313,4db8e093-a366-437b-bb9b-55b017cf9f53
E,79.89658816666666,6.805721833333333,1739459787,N,865209069519313,4db8e093-a366-437b-bb9b-55b017cf9f53
E,79.89658683333333,6.8057185,1739459817,N,865209069519313,4db8e093-a366-437b-bb9b-55b017cf9f53
E,79.89510166666668,6.805275333333332,1739459847,N,865209069519313,4db8e093-a366-437b-bb9b-55b017cf9f53
E,79.89382233333335,6.804523333333333,1739459877,N,865209069519313,4db8e093-a366-437b-bb9b-55b017cf9f53
E,79.89204933333333,6.802984666666667,1739459907,N,865209069519313,4db8e093-a366-437b-bb9b-55b017cf9f53
E,79.88983366666666,6.801231166666668,1739459938,N,865209069519313,4db8e093-a366-437b-bb9b-55b017cf9f53
E,79.88850066666669,6.800178333333334,1739459968,N,865209069519313,4db8e093-a366-437b-bb9b-55b017cf9f53
E,79.88850233333332,6.7994415,1739459998,N,865209069519313,4db8e093-a366-437b-bb9b-55b017cf9f53
E,79.88829533333335,6.799073333333332,1739460028,N,865209069519313,4db8e093-a366-437b-bb9b-55b017cf9f53
E,79.88583816666666,6.797740166666667,1739460058,N,865209069519313,4db8e093-a366-437b-bb9b-55b017cf9f53
E,79.88399316666667,6.797647833333333,1739460088,N,865209069519313,4db8e093-a366-437b-bb9b-55b017cf9f53
E,79.88403900000002,6.797683333333334,1739460118,N,865209069519313,4db8e093-a366-437b-bb9b-55b017cf9f53
E,79.88404366666668,6.797683833333334,1739460148,N,865209069519313,4db8e093-a366-437b-bb9b-55b017cf9f53
E,79.88404633333333,6.797680166666667,1739460179,N,865209069519313,4db8e093-a366-437b-bb9b-55b017cf9f53
E,79.88405016666667,6.7976765,1739460209,N,865209069519313,4db8e093-a366-437b-bb9b-55b017cf9f53
E,79.88405116666667,6.797677333333333,1739460239,N,865209069519313,4db8e093-a366-437b-bb9b-55b017cf9f53
E,79.88405283333333,6.797676166666667,1739460269,N,865209069519313,4db8e093-a366-437b-bb9b-55b017cf9f53
E,79.88405416666666,6.797674833333334,1739460299,N,865209069519313,4db8e093-a366-437b-bb9b-55b017cf9f53
E,79.88405716666666,6.797675,1739460329,N,865209069519313,4db8e093-a366-437b-bb9b-55b017cf9f53
E,79.88406,6.797676833333332,1739460360,N,865209069519313,4db8e093-a366-437b-bb9b-55b017cf9f53
E,79.88406316666666,6.797679,1739460390,N,865209069519313,4db8e093-a366-437b-bb9b-55b017cf9f53
E,79.8840635,6.797680166666667,1739460420,N,865209069519313,4db8e093-a366-437b-bb9b-55b017cf9f53
E,79.88406450000001,6.797680833333334,1739460450,N,865209069519313,4db8e093-a366-437b-bb9b-55b017cf9f53
E,79.88406633333334,6.797680499999999,1739460480,N,865209069519313,4db8e093-a366-437b-bb9b-55b017cf9f53
E,79.88406933333334,6.797677666666668,1739460510,N,865209069519313,4db8e093-a366-437b-bb9b-55b017cf9f53
E,79.88407783333334,6.797678333333333,1739460540,N,865209069519313,4db8e093-a366-437b-bb9b-55b017cf9f53
E,79.88407950000003,6.797680666666667,1739460571,N,865209069519313,4db8e093-a366-437b-bb9b-55b017cf9f53
E,79.88408266666667,6.797684333333333,1739460601,N,865209069519313,4db8e093-a366-437b-bb9b-55b017cf9f53
E,79.88407933333335,6.797682500000001,1739460631,N,865209069519313,4db8e093-a366-437b-bb9b-55b017cf9f53
E,79.88407850000002,6.797680666666667,1739460661,N,865209069519313,4db8e093-a366-437b-bb9b-55b017cf9f53
E,79.88407833333333,6.797680000000001,1739460691,N,865209069519313,4db8e093-a366-437b-bb9b-55b017cf9f53
E,79.8840805,6.797680333333333,1739460721,N,865209069519313,4db8e093-a366-437b-bb9b-55b017cf9f53
E,79.884082,6.797679166666668,1739460752,N,865209069519313,4db8e093-a366-437b-bb9b-55b017cf9f53
E,79.88599283333333,6.797802666666667,1739460782,N,865209069519313,4db8e093-a366-437b-bb9b-55b017cf9f53
E,79.88800633333334,6.798949333333333,1739460812,N,865209069519313,4db8e093-a366-437b-bb9b-55b017cf9f53
E,79.88853333333333,6.799109000000001,1739460842,N,865209069519313,4db8e093-a366-437b-bb9b-55b017cf9f53
E,79.88879566666667,6.797452666666667,1739460872,N,865209069519313,4db8e093-a366-437b-bb9b-55b017cf9f53
E,79.89160416666667,6.797708833333333,1739460902,N,865209069519313,4db8e093-a366-437b-bb9b-55b017cf9f53
E,79.89418166666665,6.796752833333333,1739460932,N,865209069519313,4db8e093-a366-437b-bb9b-55b017cf9f53
E,79.896294,6.7962565,1739460963,N,865209069519313,4db8e093-a366-437b-bb9b-55b017cf9f53
E,79.8983845,6.79563,1739460993,N,865209069519313,4db8e093-a366-437b-bb9b-55b017cf9f53
E,79.89864816666667,6.7955355,1739461023,N,865209069519313,4db8e093-a366-437b-bb9b-55b017cf9f53
E,79.89864366666669,6.795533833333334,1739461053,N,865209069519313,4db8e093-a366-437b-bb9b-55b017cf9f53
E,79.89864483333334,6.795534333333334,1739461083,N,865209069519313,4db8e093-a366-437b-bb9b-55b017cf9f53
E,79.89864516666668,6.795532666666666,1739461113,N,865209069519313,4db8e093-a366-437b-bb9b-55b017cf9f53
E,79.89864683333334,6.795531166666666,1739461143,N,865209069519313,4db8e093-a366-437b-bb9b-55b017cf9f53
E,79.89930350000002,6.799091666666667,1739461812,N,865209069519313,4db8e093-a366-437b-bb9b-55b017cf9f53
E,79.90020416666667,6.798821500000001,1739461842,N,865209069519313,4db8e093-a366-437b-bb9b-55b017cf9f53
E,79.901016,6.799403499999999,1739461872,N,865209069519313,4db8e093-a366-437b-bb9b-55b017cf9f53
E,79.90097083333335,6.8003315,1739461903,N,865209069519313,4db8e093-a366-437b-bb9b-55b017cf9f53
E,79.90129383333333,6.801179,1739461933,N,865209069519313,4db8e093-a366-437b-bb9b-55b017cf9f53
E,79.90130966666668,6.801261166666666,1739461963,N,865209069519313,4db8e093-a366-437b-bb9b-55b017cf9f53
E,79.90131783333332,6.801250499999999,1739461993,N,865209069519313,4db8e093-a366-437b-bb9b-55b017cf9f53
E,79.9013225,6.801253333333333,1739462023,N,865209069519313,4db8e093-a366-437b-bb9b-55b017cf9f53
E,79.90132816666666,6.801254999999999,1739462053,N,865209069519313,4db8e093-a366-437b-bb9b-55b017cf9f53
E,79.901349,6.801269166666667,1739462084,N,865209069519313,4db8e093-a366-437b-bb9b-55b017cf9f53
E,79.900997,6.8006625,1739462114,N,865209069519313,4db8e093-a366-437b-bb9b-55b017cf9f53
E,79.90113166666667,6.799765500000001,1739462144,N,865209069519313,4db8e093-a366-437b-bb9b-55b017cf9f53
E,79.90082033333334,6.798633666666666,1739462174,N,865209069519313,4db8e093-a366-437b-bb9b-55b017cf9f53
E,79.89910316666666,6.798858666666666,1739462204,N,865209069519313,4db8e093-a366-437b-bb9b-55b017cf9f53
E,79.89847650000002,6.796459166666667,1739462236,N,865209069519313,4db8e093-a366-437b-bb9b-55b017cf9f53
E,79.89861783333335,6.795535666666666,1739462266,N,865209069519313,4db8e093-a366-437b-bb9b-55b017cf9f53
E,79.89861816666667,6.7955475,1739462296,N,865209069519313,4db8e093-a366-437b-bb9b-55b017cf9f53
E,79.89863666666666,6.795545833333334,1739462326,N,865209069519313,4db8e093-a366-437b-bb9b-55b017cf9f53
E,79.89863733333333,6.795546166666666,1739462357,N,865209069519313,4db8e093-a366-437b-bb9b-55b017cf9f53
E,79.89863566666666,6.795533833333334,1739462387,N,865209069519313,4db8e093-a366-437b-bb9b-55b017cf9f53
E,79.89863650000001,6.795528500000001,1739462417,N,865209069519313,4db8e093-a366-437b-bb9b-55b017cf9f53
E,79.89343216666666,6.796953333333333,1739463848,N,865209069519313,4db8e093-a366-437b-bb9b-55b017cf9f53
E,79.893495,6.796934166666666,1739463878,N,865209069519313,4db8e093-a366-437b-bb9b-55b017cf9f53
E,79.893473,6.7969285,1739463908,N,865209069519313,4db8e093-a366-437b-bb9b-55b017cf9f53
E,79.89346283333333,6.796949166666667,1739463939,N,865209069519313,4db8e093-a366-437b-bb9b-55b017cf9f53
E,79.89536466666667,6.796487999999999,1739463969,N,865209069519313,4db8e093-a366-437b-bb9b-55b017cf9f53
E,79.89766549999999,6.795831,1739463999,N,865209069519313,4db8e093-a366-437b-bb9b-55b017cf9f53
E,79.89869016666667,6.795568666666666,1739464030,N,865209069519313,4db8e093-a366-437b-bb9b-55b017cf9f53
E,79.89866950000001,6.795562666666666,1739464060,N,865209069519313,4db8e093-a366-437b-bb9b-55b017cf9f53
E,79.89866,6.795560166666666,1739464090,N,865209069519313,4db8e093-a366-437b-bb9b-55b017cf9f53
E,79.89865566666667,6.795557166666667,1739464121,N,865209069519313,4db8e093-a366-437b-bb9b-55b017cf9f53
E,79.89865833333333,6.79556,1739464151,N,865209069519313,4db8e093-a366-437b-bb9b-55b017cf9f53
E,79.89865816666666,6.795558999999999,1739464181,N,865209069519313,4db8e093-a366-437b-bb9b-55b017cf9f53
E,79.898608,6.795567999999999,1739464808,N,865209069519313,4db8e093-a366-437b-bb9b-55b017cf9f53
E,79.89859816666667,6.795533833333334,1739464838,N,865209069519313,4db8e093-a366-437b-bb9b-55b017cf9f53
E,79.898586,6.795518333333333,1739464868,N,865209069519313,4db8e093-a366-437b-bb9b-55b017cf9f53
E,79.89856883333333,6.795499666666666,1739464899,N,865209069519313,4db8e093-a366-437b-bb9b-55b017cf9f53
E,79.898566,6.795502666666666,1739464929,N,865209069519313,4db8e093-a366-437b-bb9b-55b017cf9f53
E,79.89858116666666,6.795507,1739464959,N,865209069519313,4db8e093-a366-437b-bb9b-55b017cf9f53
E,79.89859183333333,6.795518666666667,1739466785,N,865209069519313,4db8e093-a366-437b-bb9b-55b017cf9f53
E,79.89859916666666,6.795519333333334,1739466815,N,865209069519313,4db8e093-a366-437b-bb9b-55b017cf9f53
E,79.89861333333334,6.795516333333334,1739466845,N,865209069519313,4db8e093-a366-437b-bb9b-55b017cf9f53
E,79.898633,6.795507333333334,1739466875,N,865209069519313,4db8e093-a366-437b-bb9b-55b017cf9f53
